course_title,course_organization,course_Certificate_type,course_rating,course_difficulty,course_students_enrolled,course_title_clean
(ISC)² Systems Security Certified Practitioner (SSCP),(ISC)²,SPECIALIZATION,4.7,Beginner,5.3k,ISC Systems Security Certified Practitioner SSCP
A Crash Course in Causality:  Inferring Causal Effects from Observational Data,University of Pennsylvania,COURSE,4.7,Intermediate,17k,A Crash Course in Causality  Inferring Causal Effects from Observational Data
A Crash Course in Data Science,Johns Hopkins University,COURSE,4.5,Intermediate,130k,A Crash Course in Data Science
A Law Student's Toolkit,Yale University,COURSE,4.7,Intermediate,91k,A Law Students Toolkit
A Life of Happiness and Fulfillment,Indian School of Business,COURSE,4.8,Intermediate,320k,A Life of Happiness and Fulfillment
ADHD: Everyday Strategies for Elementary Students,University at Buffalo,COURSE,4.7,Beginner,39k,ADHD Everyday Strategies for Elementary Students
AI For Everyone,deeplearning.ai,COURSE,4.8,Beginner,350k,AI For Everyone
AI For Medical Treatment,deeplearning.ai,COURSE,4.8,Intermediate,2.4k,AI For Medical Treatment
AI Foundations for Everyone,IBM,SPECIALIZATION,4.7,Beginner,61k,AI Foundations for Everyone
AI for Medical Diagnosis,deeplearning.ai,COURSE,4.7,Intermediate,12k,AI for Medical Diagnosis
AI for Medical Prognosis,deeplearning.ai,COURSE,4.6,Intermediate,4k,AI for Medical Prognosis
AI for Medicine,deeplearning.ai,SPECIALIZATION,4.7,Intermediate,13k,AI for Medicine
AWS Fundamentals,Amazon Web Services,SPECIALIZATION,4.6,Beginner,130k,AWS Fundamentals
AWS Fundamentals: Addressing Security Risk,Amazon Web Services,COURSE,4.3,Beginner,11k,AWS Fundamentals Addressing Security Risk
AWS Fundamentals: Building Serverless Applications,Amazon Web Services,COURSE,4.7,Beginner,27k,AWS Fundamentals Building Serverless Applications
AWS Fundamentals: Going Cloud-Native,Amazon Web Services,COURSE,4.7,Beginner,110k,AWS Fundamentals Going CloudNative
AWS Fundamentals: Migrating to the Cloud,Amazon Web Services,COURSE,4.5,Intermediate,13k,AWS Fundamentals Migrating to the Cloud
Aboriginal Worldviews and Education,University of Toronto,COURSE,4.7,Intermediate,6.6k,Aboriginal Worldviews and Education
Academic English: Writing,"University of California, Irvine",SPECIALIZATION,4.7,Beginner,540k,Academic English Writing
Accelerated Computer Science Fundamentals,University of Illinois at Urbana-Champaign,SPECIALIZATION,4.7,Intermediate,22k,Accelerated Computer Science Fundamentals
Access Controls,(ISC)²,COURSE,4.6,Beginner,2.9k,Access Controls
Accounting Analytics,University of Pennsylvania,COURSE,4.5,Intermediate,80k,Accounting Analytics
Accounting for Decision Making,University of Michigan,COURSE,4.8,Intermediate,9.9k,Accounting for Decision Making
Achieving Personal and Professional Success,University of Pennsylvania,SPECIALIZATION,4.7,Beginner,110k,Achieving Personal and Professional Success
Actualización en el manejo del paciente con diabetes mellitus tipo 2,Universidad Nacional Autónoma de México,COURSE,4.8,Intermediate,23k,Actualizacin en el manejo del paciente con diabetes mellitus tipo 2
Addiction Treatment: Clinical Skills for Healthcare Providers,Yale University,COURSE,4.8,Beginner,9.2k,Addiction Treatment Clinical Skills for Healthcare Providers
Advanced Business Analytics,University of Colorado Boulder,SPECIALIZATION,4.5,Intermediate,78k,Advanced Business Analytics
Advanced Data Science with IBM,IBM,SPECIALIZATION,4.4,Advanced,320k,Advanced Data Science with IBM
Advanced Machine Learning,National Research University Higher School of Economics,SPECIALIZATION,4.5,Advanced,190k,Advanced Machine Learning
Advanced Machine Learning with TensorFlow on Google Cloud Platform,Google Cloud,SPECIALIZATION,4.5,Advanced,35k,Advanced Machine Learning with TensorFlow on Google Cloud Platform
"Advanced Valuation and Strategy - M&A, Private Equity, and Venture Capital",Erasmus University Rotterdam,COURSE,4.7,Advanced,29k,Advanced Valuation and Strategy  MA Private Equity and Venture Capital
Advertising and Society,Duke University,COURSE,4.8,Intermediate,14k,Advertising and Society
Age of Cathedrals,Yale University,COURSE,4.7,Beginner,21k,Age of Cathedrals
Agile Development,University of Virginia,SPECIALIZATION,4.7,Beginner,94k,Agile Development
Agile Meets Design Thinking,University of Virginia,COURSE,4.7,Beginner,69k,Agile Meets Design Thinking
Agile with Atlassian Jira,Atlassian,COURSE,4.7,Beginner,40k,Agile with Atlassian Jira
Agile и Scrum в работе над проектами и продуктами,ScrumTrek,COURSE,4.9,Beginner,12k,Agile  Scrum      
Algorithmic Toolbox,University of California San Diego,COURSE,4.7,Intermediate,220k,Algorithmic Toolbox
Algorithms,Stanford University,SPECIALIZATION,4.8,Intermediate,150k,Algorithms
Algorithms for Battery Management Systems,University of Colorado System,SPECIALIZATION,4.8,Intermediate,14k,Algorithms for Battery Management Systems
American Contract Law I,Yale University,COURSE,4.9,Beginner,18k,American Contract Law I
An Introduction to American Law,University of Pennsylvania,COURSE,4.8,Beginner,23k,An Introduction to American Law
An Introduction to Consumer Neuroscience & Neuromarketing,Copenhagen Business School,COURSE,4.7,Beginner,69k,An Introduction to Consumer Neuroscience  Neuromarketing
An Introduction to Programming the Internet of Things (IOT),"University of California, Irvine",SPECIALIZATION,4.6,Beginner,270k,An Introduction to Programming the Internet of Things IOT
Analysing: Numeric and digital literacies,Macquarie University,SPECIALIZATION,4.6,Beginner,7.9k,Analysing Numeric and digital literacies
Anatomy,University of Michigan,SPECIALIZATION,4.8,Beginner,30k,Anatomy
"Anatomy of the Chest, Abdomen, and Pelvis",Yale University,COURSE,4.8,Intermediate,36k,Anatomy of the Chest Abdomen and Pelvis
Anatomy: Musculoskeletal and Integumentary Systems,University of Michigan,COURSE,4.8,Beginner,20k,Anatomy Musculoskeletal and Integumentary Systems
Ancient Philosophy: Aristotle and His Successors,University of Pennsylvania,COURSE,4.8,Intermediate,8.1k,Ancient Philosophy Aristotle and His Successors
Android App Development,Vanderbilt University,SPECIALIZATION,4.5,Beginner,120k,Android App Development
Animal Behaviour and Welfare,The University of Edinburgh,COURSE,4.8,Intermediate,71k,Animal Behaviour and Welfare
Antibiotic Stewardship,Stanford University,COURSE,4.5,Advanced,11k,Antibiotic Stewardship
Anticorrupción: Introducción a conceptos y perspectiva práctica,Universidad Nacional Autónoma de México,COURSE,4.8,Beginner,11k,Anticorrupcin Introduccin a conceptos y perspectiva prctica
Antimicrobial resistance - theory and methods,Technical University of Denmark (DTU),COURSE,4.6,Intermediate,63k,Antimicrobial resistance  theory and methods
Applied Data Science,IBM,SPECIALIZATION,4.6,Beginner,220k,Applied Data Science
Applied Data Science Capstone,IBM,COURSE,4.7,Intermediate,42k,Applied Data Science Capstone
Applied Data Science with Python,University of Michigan,SPECIALIZATION,4.5,Intermediate,480k,Applied Data Science with Python
Applied Machine Learning in Python,University of Michigan,COURSE,4.6,Intermediate,150k,Applied Machine Learning in Python
"Applied Plotting, Charting & Data Representation in Python",University of Michigan,COURSE,4.6,Intermediate,97k,Applied Plotting Charting  Data Representation in Python
Aprende a programar con Python,Universidad Austral,SPECIALIZATION,4.2,Beginner,6.6k,Aprende a programar con Python
Aprender,Universidad Nacional Autónoma de México,COURSE,4.8,Intermediate,200k,Aprender
Aprendiendo a aprender: Poderosas herramientas mentales con las que podrás dominar temas difíciles (Learning How to Learn),University of California San Diego,COURSE,4.9,Beginner,180k,Aprendiendo a aprender Poderosas herramientas mentales con las que podrs dominar temas difciles Learning How to Learn
Architecting with Google Cloud Platform 日本語版,Google Cloud,SPECIALIZATION,4.5,Intermediate,4.2k,Architecting with Google Cloud Platform 
Architecting with Google Compute Engine,Google Cloud,SPECIALIZATION,4.7,Intermediate,310k,Architecting with Google Compute Engine
Architecting with Google Kubernetes Engine 日本語版,Google Cloud,SPECIALIZATION,4.5,Beginner,3.9k,Architecting with Google Kubernetes Engine 
Arizona State University TESOL,Arizona State University,PROFESSIONAL CERTIFICATE,4.9,Beginner,150k,Arizona State University TESOL
Art & Activity: Interactive Strategies for Engaging with Art,The Museum of Modern Art,COURSE,4.8,Intermediate,79k,Art  Activity Interactive Strategies for Engaging with Art
Art & Ideas: Teaching with Themes,The Museum of Modern Art,COURSE,4.8,Intermediate,31k,Art  Ideas Teaching with Themes
Arts and Culture Strategy,National Arts Strategies,COURSE,4.6,Intermediate,15k,Arts and Culture Strategy
Arts and Heritage Management,Università Bocconi,COURSE,4.8,Intermediate,15k,Arts and Heritage Management
Aspectos básicos de la planificación y la gestión de proyectos,University of Virginia,COURSE,4.9,Beginner,10k,Aspectos bsicos de la planificacin y la gestin de proyectos
Astrobiology and the Search for Extraterrestrial Life,The University of Edinburgh,COURSE,4.7,Intermediate,66k,Astrobiology and the Search for Extraterrestrial Life
Atención Primaria en Salud: El desafío de las Enfermedades no Transmisibles,Pontificia Universidad Católica de Chile,COURSE,4.8,Intermediate,33k,Atencin Primaria en Salud El desafo de las Enfermedades no Transmisibles
Autism Spectrum Disorder,"University of California, Davis",COURSE,4.6,Intermediate,56k,Autism Spectrum Disorder
Autodesk CAD/CAM for Manufacturing,Autodesk,SPECIALIZATION,4.8,Intermediate,7.3k,Autodesk CADCAM for Manufacturing
Autodesk CAD/CAM/CAE for Mechanical Engineering,Autodesk,SPECIALIZATION,4.8,Intermediate,9.2k,Autodesk CADCAMCAE for Mechanical Engineering
Autodesk Certified Professional: AutoCAD for Design and Drafting Exam Prep,Autodesk,COURSE,4.7,Advanced,22k,Autodesk Certified Professional AutoCAD for Design and Drafting Exam Prep
Autodesk Certified Professional: Revit for Architectural Design Exam Prep,Autodesk,COURSE,4.7,Advanced,9.7k,Autodesk Certified Professional Revit for Architectural Design Exam Prep
BIM Fundamentals for Engineers,National Taiwan University,COURSE,4.6,Beginner,13k,BIM Fundamentals for Engineers
Basic Statistics,University of Amsterdam,COURSE,4.6,Beginner,180k,Basic Statistics
Bayesian Statistics: From Concept to Data Analysis,"University of California, Santa Cruz",COURSE,4.8,Intermediate,91k,Bayesian Statistics From Concept to Data Analysis
Bayesian Statistics: Techniques and Models,"University of California, Santa Cruz",COURSE,4.8,Intermediate,29k,Bayesian Statistics Techniques and Models
Become a CBRS Certified Professional Installer by Google,Google - Spectrum Sharing,COURSE,4.9,Intermediate,210k,Become a CBRS Certified Professional Installer by Google
Become a Journalist: Report the News!,Michigan State University,SPECIALIZATION,4.7,Beginner,28k,Become a Journalist Report the News
Become a Sustainable Business Change Agent,University of Colorado System,SPECIALIZATION,4.7,Intermediate,4.2k,Become a Sustainable Business Change Agent
Becoming a Sports Agent,Case Western Reserve University,COURSE,4.7,Beginner,6.5k,Becoming a Sports Agent
Becoming a changemaker: Introduction to Social Innovation,University of Cape Town,COURSE,4.8,Beginner,61k,Becoming a changemaker Introduction to Social Innovation
Behavioral Finance,Duke University,COURSE,4.4,Intermediate,55k,Behavioral Finance
Beyond the Sustainable Development Goals (SDGs): Addressing Sustainability and Development,University of Michigan,COURSE,4.6,Intermediate,2.3k,Beyond the Sustainable Development Goals SDGs Addressing Sustainability and Development
Big Data – Introducción al uso práctico de datos masivos,Universitat Autònoma de Barcelona,SPECIALIZATION,4.5,Beginner,8.8k,Big Data  Introduccin al uso prctico de datos masivos
Biohacking Your Brain's Health,Emory University,COURSE,4.6,Beginner,35k,Biohacking Your Brains Health
Biology Meets Programming: Bioinformatics for Beginners,University of California San Diego,COURSE,4.4,Beginner,88k,Biology Meets Programming Bioinformatics for Beginners
Biostatistics in Public Health,Johns Hopkins University,SPECIALIZATION,4.8,Beginner,14k,Biostatistics in Public Health
Blended Language Learning: Design and Practice for Teachers,University of Colorado Boulder,COURSE,4.8,Intermediate,1.9k,Blended Language Learning Design and Practice for Teachers
Blockchain,University at Buffalo,SPECIALIZATION,4.6,Intermediate,68k,Blockchain
Blockchain Revolution,INSEAD,SPECIALIZATION,4.7,Beginner,21k,Blockchain Revolution
Blockchain Revolution in Financial Services,INSEAD,SPECIALIZATION,4.6,Beginner,1.6k,Blockchain Revolution in Financial Services
Blockchain: Foundations and Use Cases,ConsenSys Academy,COURSE,4.7,Beginner,31k,Blockchain Foundations and Use Cases
Boosting Creativity for Innovation,HEC Paris,COURSE,4.9,Beginner,9.5k,Boosting Creativity for Innovation
"Brand Management: Aligning Business, Brand and Behaviour",London Business School,COURSE,4.9,Beginner,57k,Brand Management Aligning Business Brand and Behaviour
Branding: The Creative Journey,IE Business School,SPECIALIZATION,4.6,Beginner,26k,Branding The Creative Journey
Budgeting and Scheduling Projects,"University of California, Irvine",COURSE,4.7,Intermediate,84k,Budgeting and Scheduling Projects
Bugs 101: Insect-Human Interactions,University of Alberta,COURSE,4.9,Beginner,15k,Bugs 101 InsectHuman Interactions
Build a Modern Computer from First Principles: From Nand to Tetris (Project-Centered Course),Hebrew University of Jerusalem,COURSE,4.9,Intermediate,95k,Build a Modern Computer from First Principles From Nand to Tetris ProjectCentered Course
Building Batch Data Pipelines on GCP,Google Cloud,COURSE,4.5,Intermediate,7.3k,Building Batch Data Pipelines on GCP
Building Conversational Experiences with Dialogflow,Google Cloud,COURSE,4.5,Beginner,22k,Building Conversational Experiences with Dialogflow
Building Resilient Streaming Analytics Systems on GCP,Google Cloud,COURSE,4.6,Intermediate,5.8k,Building Resilient Streaming Analytics Systems on GCP
Building Scalable Java Microservices with Spring Boot and Spring Cloud,Google Cloud,COURSE,4.3,Intermediate,24k,Building Scalable Java Microservices with Spring Boot and Spring Cloud
Building Your Leadership Skills,HEC Paris,COURSE,4.5,Intermediate,67k,Building Your Leadership Skills
Business Analytics,University of Pennsylvania,SPECIALIZATION,4.6,Beginner,280k,Business Analytics
Business English,Arizona State University,SPECIALIZATION,4.7,Intermediate,38k,Business English
Business English Communication Skills,University of Washington,SPECIALIZATION,4.7,Intermediate,120k,Business English Communication Skills
Business English: Networking,University of Washington,COURSE,4.7,Intermediate,77k,Business English Networking
Business Foundations,University of Pennsylvania,SPECIALIZATION,4.7,Beginner,510k,Business Foundations
Business Model Innovation,HEC Paris,COURSE,4.7,Intermediate,13k,Business Model Innovation
Business Statistics and Analysis,Rice University,SPECIALIZATION,4.7,Beginner,110k,Business Statistics and Analysis
Business Strategies for A Better World,University of Pennsylvania,SPECIALIZATION,4.7,Beginner,24k,Business Strategies for A Better World
Business Strategy,University of Virginia,SPECIALIZATION,4.7,Beginner,89k,Business Strategy
Business Technology Management,Indian School of Business,SPECIALIZATION,4.5,Beginner,67k,Business Technology Management
Business Transformation with Google Cloud,Google Cloud,COURSE,4.7,Beginner,10k,Business Transformation with Google Cloud
Business Writing,University of Colorado Boulder,COURSE,4.8,Beginner,48k,Business Writing
Business and Financial Modeling,University of Pennsylvania,SPECIALIZATION,4.5,Beginner,160k,Business and Financial Modeling
C for Everyone: Programming Fundamentals,"University of California, Santa Cruz",COURSE,4.5,Beginner,31k,C for Everyone Programming Fundamentals
C# Programming for Unity Game Development,University of Colorado System,SPECIALIZATION,4.7,Beginner,36k,C Programming for Unity Game Development
COVID-19 Contact Tracing,Johns Hopkins University,COURSE,4.9,Beginner,220k,COVID19 Contact Tracing
COVID-19: What You Need to Know (CME Eligible),Osmosis,COURSE,4.8,Beginner,32k,COVID19 What You Need to Know CME Eligible
"Cameras, Exposure, and Photography",Michigan State University,COURSE,4.7,Intermediate,130k,Cameras Exposure and Photography
Camino a la Excelencia en Gestión de Proyectos,Pontificia Universidad Católica de Chile,COURSE,4.7,Beginner,340k,Camino a la Excelencia en Gestin de Proyectos
"Capstone: Retrieving, Processing, and Visualizing Data with Python",University of Michigan,COURSE,4.6,Intermediate,82k,Capstone Retrieving Processing and Visualizing Data with Python
Career Success,"University of California, Irvine",SPECIALIZATION,4.4,Beginner,790k,Career Success
Challenging Forensic Science: How Science Should Speak to Court,University of Lausanne,COURSE,4.8,Beginner,31k,Challenging Forensic Science How Science Should Speak to Court
Chemicals and Health,Johns Hopkins University,COURSE,4.7,Beginner,23k,Chemicals and Health
Chicken Behaviour and Welfare,The University of Edinburgh,COURSE,4.7,Intermediate,19k,Chicken Behaviour and Welfare
Child Nutrition and Cooking,Stanford University,COURSE,4.7,Beginner,30k,Child Nutrition and Cooking
Chinese for HSK 1,Peking University,COURSE,4.8,Beginner,22k,Chinese for HSK 1
Cisco Networking Basics,Cisco,SPECIALIZATION,4.7,Beginner,57k,Cisco Networking Basics
Classical Sociological Theory,University of Amsterdam,COURSE,4.8,Intermediate,51k,Classical Sociological Theory
Claves de la Dirección de Empresas,IESE Business School,SPECIALIZATION,4.8,Beginner,51k,Claves de la Direccin de Empresas
Climate Change and Health: From Science to Action,Yale University,SPECIALIZATION,4.6,Beginner,4.8k,Climate Change and Health From Science to Action
Clinical Terminology for International and U.S. Students,University of Pittsburgh,COURSE,4.8,Beginner,32k,Clinical Terminology for International and US Students
Cloud Computing,University of Illinois at Urbana-Champaign,SPECIALIZATION,4.4,Intermediate,110k,Cloud Computing
Cloud Computing Basics (Cloud 101),LearnQuest,COURSE,4.5,Beginner,37k,Cloud Computing Basics Cloud 101
Cloud Engineering with Google Cloud,Google Cloud,PROFESSIONAL CERTIFICATE,4.7,Intermediate,310k,Cloud Engineering with Google Cloud
Coaching Skills for Managers,"University of California, Davis",SPECIALIZATION,4.7,Intermediate,37k,Coaching Skills for Managers
Code Yourself! An Introduction to Programming,The University of Edinburgh,COURSE,4.7,Beginner,120k,Code Yourself An Introduction to Programming
Communication Skills for Engineers,Rice University,SPECIALIZATION,4.7,Beginner,15k,Communication Skills for Engineers
Communication Strategies for a Virtual Age,University of Toronto,COURSE,4.8,Beginner,43k,Communication Strategies for a Virtual Age
Compassionate Leadership Through Service Learning with Jane Goodall and Roots & Shoots,University of Colorado Boulder,COURSE,4.9,Beginner,6.4k,Compassionate Leadership Through Service Learning with Jane Goodall and Roots  Shoots
"Competencias digitales. Herramientas de ofimática (Microsoft Word, Excel, Power Point)",Universitat Autònoma de Barcelona,COURSE,4.7,Beginner,43k,Competencias digitales Herramientas de ofimtica Microsoft Word Excel Power Point
Competitive Strategy and Organization Design,Ludwig-Maximilians-Universität München (LMU),SPECIALIZATION,4.7,Intermediate,350k,Competitive Strategy and Organization Design
Computational Social Science,"University of California, Davis",SPECIALIZATION,4.6,Beginner,5.8k,Computational Social Science
Computational Thinking for Problem Solving,University of Pennsylvania,COURSE,4.8,Beginner,33k,Computational Thinking for Problem Solving
Computer Security and Systems Management,University of Colorado System,SPECIALIZATION,4.6,Beginner,27k,Computer Security and Systems Management
Conflict Management,"University of California, Irvine",SPECIALIZATION,4.3,Beginner,66k,Conflict Management
Construction Cost Estimating and Cost Control,Columbia University,COURSE,4.7,Beginner,19k,Construction Cost Estimating and Cost Control
Construction Management,Columbia University,SPECIALIZATION,4.7,Beginner,61k,Construction Management
Construction Project Management,Columbia University,COURSE,4.8,Beginner,43k,Construction Project Management
Construction Scheduling,Columbia University,COURSE,4.8,Beginner,15k,Construction Scheduling
Contabilidad para no contadores,Universidad Nacional Autónoma de México,COURSE,4.7,Beginner,220k,Contabilidad para no contadores
Content Strategy for Professionals,Northwestern University,SPECIALIZATION,4.5,Beginner,27k,Content Strategy for Professionals
Continuous Delivery & DevOps,University of Virginia,COURSE,4.6,Beginner,26k,Continuous Delivery  DevOps
Control of Mobile Robots,Georgia Institute of Technology,COURSE,4.8,Intermediate,49k,Control of Mobile Robots
Convolutional Neural Networks,deeplearning.ai,COURSE,4.9,Intermediate,240k,Convolutional Neural Networks
Convolutional Neural Networks in TensorFlow,deeplearning.ai,COURSE,4.7,Intermediate,46k,Convolutional Neural Networks in TensorFlow
Corporate & Commercial Law I: Contracts & Employment Law,University of Illinois at Urbana-Champaign,COURSE,4.8,Intermediate,10k,Corporate  Commercial Law I Contracts  Employment Law
Corporate Finance Essentials,IESE Business School,COURSE,4.8,Intermediate,56k,Corporate Finance Essentials
Corporate Strategy,UCL School of Management,COURSE,4.8,Beginner,7.8k,Corporate Strategy
Corporate Sustainability. Understanding and Seizing the Strategic Opportunity,Università Bocconi,COURSE,4.6,Intermediate,10k,Corporate Sustainability Understanding and Seizing the Strategic Opportunity
"Corrección, estilo y  variaciones de la lengua española",Universitat Autònoma de Barcelona,COURSE,4.6,Beginner,75k,Correccin estilo y  variaciones de la lengua espaola
Cost and Economics in Pricing Strategy,University of Virginia,COURSE,4.8,Beginner,15k,Cost and Economics in Pricing Strategy
Costos para los Negocios,Universidad de Chile,COURSE,4.8,Intermediate,43k,Costos para los Negocios
Crash Course on Python,Google,COURSE,4.8,Beginner,81k,Crash Course on Python
Creative Problem Solving,University of Minnesota,COURSE,4.3,Intermediate,140k,Creative Problem Solving
Creative Writing,Wesleyan University,SPECIALIZATION,4.6,Beginner,140k,Creative Writing
Creative Writing: The Craft of Plot,Wesleyan University,COURSE,4.7,Intermediate,120k,Creative Writing The Craft of Plot
"Creatividad, diseño e innovación: Técnicas y herramientas",Arizona State University,SPECIALIZATION,4.7,Beginner,150k,Creatividad diseo e innovacin Tcnicas y herramientas
Cuidado de heridas en el ámbito hospitalario,Universidad Nacional Autónoma de México,COURSE,4.8,Intermediate,26k,Cuidado de heridas en el mbito hospitalario
Cuidados y procedimientos generales en la atención del recién nacido,Universidad de Chile,COURSE,4.8,Intermediate,22k,Cuidados y procedimientos generales en la atencin del recin nacido
Culture-Driven Team Building,University of Pennsylvania,SPECIALIZATION,4.6,Beginner,17k,CultureDriven Team Building
Curanderismo: Traditional Healing Using Plants,University of New Mexico,COURSE,4.6,Beginner,5.5k,Curanderismo Traditional Healing Using Plants
Customer Segmentation and Prospecting,Northwestern University,COURSE,4.7,Beginner,18k,Customer Segmentation and Prospecting
Cybersecurity,"University of Maryland, College Park",SPECIALIZATION,4.5,Intermediate,99k,Cybersecurity
Cybersecurity and Its Ten Domains,University System of Georgia,COURSE,4.2,Beginner,140k,Cybersecurity and Its Ten Domains
Cybersecurity for Business,University of Colorado System,SPECIALIZATION,4.6,Beginner,23k,Cybersecurity for Business
Cómo hablar bien en público,Universitat Autònoma de Barcelona,COURSE,4.8,Beginner,55k,Cmo hablar bien en pblico
Dairy Production and Management,The Pennsylvania State University,COURSE,4.8,Intermediate,23k,Dairy Production and Management
Data Analysis and Interpretation,Wesleyan University,SPECIALIZATION,4.4,Beginner,100k,Data Analysis and Interpretation
Data Analysis and Presentation Skills: the PwC Approach,PwC,SPECIALIZATION,4.6,Beginner,220k,Data Analysis and Presentation Skills the PwC Approach
Data Analysis with Python,IBM,COURSE,4.7,Beginner,110k,Data Analysis with Python
Data Analytics for Lean Six Sigma,University of Amsterdam,COURSE,4.8,Beginner,24k,Data Analytics for Lean Six Sigma
Data Collection and Processing with Python,University of Michigan,COURSE,4.7,Intermediate,19k,Data Collection and Processing with Python
Data Engineering on Google Cloud Platform 日本語版,Google Cloud,SPECIALIZATION,4.4,Intermediate,3k,Data Engineering on Google Cloud Platform 
Data Engineering with Google Cloud,Google Cloud,PROFESSIONAL CERTIFICATE,4.6,Intermediate,120k,Data Engineering with Google Cloud
"Data Engineering, Big Data, and Machine Learning on GCP",Google Cloud,SPECIALIZATION,4.6,Intermediate,120k,Data Engineering Big Data and Machine Learning on GCP
Data Management for Clinical Research,Vanderbilt University,COURSE,4.7,Beginner,42k,Data Management for Clinical Research
Data Mining,University of Illinois at Urbana-Champaign,SPECIALIZATION,4.4,Intermediate,140k,Data Mining
Data Science,Johns Hopkins University,SPECIALIZATION,4.5,Beginner,830k,Data Science
Data Science Math Skills,Duke University,COURSE,4.5,Beginner,140k,Data Science Math Skills
Data Science Methodology,IBM,COURSE,4.6,Beginner,89k,Data Science Methodology
Data Science: Foundations using R,Johns Hopkins University,SPECIALIZATION,4.6,Beginner,740k,Data Science Foundations using R
Data Science: Statistics and Machine Learning,Johns Hopkins University,SPECIALIZATION,4.4,Intermediate,210k,Data Science Statistics and Machine Learning
Data Visualization and Communication with Tableau,Duke University,COURSE,4.7,Intermediate,130k,Data Visualization and Communication with Tableau
Data Visualization with Advanced Excel,PwC,COURSE,4.8,Beginner,60k,Data Visualization with Advanced Excel
Data Visualization with Python,IBM,COURSE,4.6,Intermediate,66k,Data Visualization with Python
Data Visualization with Tableau,"University of California, Davis",SPECIALIZATION,4.5,Beginner,96k,Data Visualization with Tableau
Data Warehousing for Business Intelligence,University of Colorado System,SPECIALIZATION,4.5,Advanced,140k,Data Warehousing for Business Intelligence
Data and Health Indicators in Public Health Practice,Johns Hopkins University,COURSE,4.7,Beginner,18k,Data and Health Indicators in Public Health Practice
Data-driven Decision Making,PwC,COURSE,4.6,Beginner,120k,Datadriven Decision Making
Databases and SQL for Data Science,IBM,COURSE,4.7,Beginner,110k,Databases and SQL for Data Science
De-Mystifying Mindfulness,Universiteit Leiden,COURSE,4.8,Beginner,150k,DeMystifying Mindfulness
Decision-Making and Scenarios,University of Pennsylvania,COURSE,4.6,Intermediate,31k,DecisionMaking and Scenarios
Deep Learning,deeplearning.ai,SPECIALIZATION,4.8,Intermediate,690k,Deep Learning
Democracia y decisiones públicas. Introducción al análisis de políticas públicas,Universitat Autònoma de Barcelona,COURSE,4.8,Beginner,44k,Democracia y decisiones pblicas Introduccin al anlisis de polticas pblicas
Dentistry 101,University of Michigan,COURSE,4.7,Beginner,4.5k,Dentistry 101
Dermatology: Trip to skin,Novosibirsk State University ,COURSE,4.4,Beginner,8.2k,Dermatology Trip to skin
Design Thinking for Innovation,University of Virginia,COURSE,4.6,Beginner,240k,Design Thinking for Innovation
Design Thinking for the Greater Good: Innovation in the Social Sector,University of Virginia,COURSE,4.6,Beginner,17k,Design Thinking for the Greater Good Innovation in the Social Sector
Design and Interpretation of Clinical Trials,Johns Hopkins University,COURSE,4.7,Intermediate,67k,Design and Interpretation of Clinical Trials
Design and Make Infographics (Project-Centered Course),Michigan State University,COURSE,4.7,Intermediate,97k,Design and Make Infographics ProjectCentered Course
Design-Led Strategy: Design thinking for business strategy and entrepreneurship,The University of Sydney,COURSE,4.6,Intermediate,19k,DesignLed Strategy Design thinking for business strategy and entrepreneurship
Developing APIs with Google Cloud's Apigee API Platform,Google Cloud,SPECIALIZATION,4.6,Intermediate,16k,Developing APIs with Google Clouds Apigee API Platform
Developing Applications with Google Cloud Platform,Google Cloud,SPECIALIZATION,4.7,Intermediate,300k,Developing Applications with Google Cloud Platform
Developing Applications with Google Cloud Platform 日本語版,Google Cloud,SPECIALIZATION,4.8,Intermediate,4k,Developing Applications with Google Cloud Platform 
Developing Industrial Internet of Things,University of Colorado Boulder,SPECIALIZATION,4.6,Intermediate,8k,Developing Industrial Internet of Things
Developing Your Musicianship,Berklee College of Music,COURSE,4.8,Intermediate,41k,Developing Your Musicianship
Devenir entrepreneur du changement,Ticket for Change,COURSE,4.7,Intermediate,54k,Devenir entrepreneur du changement
Digital Advertising Strategy,University of Colorado Boulder,SPECIALIZATION,4.4,Beginner,9k,Digital Advertising Strategy
Digital Business Models,Lund University,COURSE,4.5,Beginner,21k,Digital Business Models
Digital Manufacturing & Design Technology,University at Buffalo,SPECIALIZATION,4.6,Beginner,37k,Digital Manufacturing  Design Technology
Digital Marketing,University of Illinois at Urbana-Champaign,SPECIALIZATION,4.6,Beginner,380k,Digital Marketing
Digital Media and Marketing Strategies,University of Illinois at Urbana-Champaign,COURSE,4.4,Intermediate,57k,Digital Media and Marketing Strategies
Digital Product Management,University of Virginia,SPECIALIZATION,4.7,Beginner,140k,Digital Product Management
Digital Product Management: Modern Fundamentals,University of Virginia,COURSE,4.7,Beginner,58k,Digital Product Management Modern Fundamentals
Dino 101: Dinosaur Paleobiology,University of Alberta,COURSE,4.5,Beginner,35k,Dino 101 Dinosaur Paleobiology
Discrete Optimization,The University of Melbourne,COURSE,4.9,Intermediate,40k,Discrete Optimization
Diseño Instruccional: Aprendizaje activo y Pedagogía digital,Tecnológico de Monterrey,SPECIALIZATION,4.6,Beginner,4k,Diseo Instruccional Aprendizaje activo y Pedagoga digital
Diseño y Creación de un Emprendimiento Social,Pontificia Universidad Católica de Chile,COURSE,4.9,Beginner,21k,Diseo y Creacin de un Emprendimiento Social
"Divide and Conquer, Sorting and Searching, and Randomized Algorithms",Stanford University,COURSE,4.8,Intermediate,130k,Divide and Conquer Sorting and Searching and Randomized Algorithms
Dog Emotion and Cognition,Duke University,COURSE,4.6,Intermediate,150k,Dog Emotion and Cognition
Driving business towards the Sustainable Development Goals,Erasmus University Rotterdam,COURSE,4.8,Beginner,5.6k,Driving business towards the Sustainable Development Goals
Drug Commercialization,University of California San Diego,COURSE,4.7,Beginner,17k,Drug Commercialization
Drug Discovery,University of California San Diego,COURSE,4.6,Beginner,39k,Drug Discovery
Dynamic Public Speaking,University of Washington,SPECIALIZATION,4.7,Beginner,110k,Dynamic Public Speaking
EMT Foundations,University of Colorado System,COURSE,4.8,Beginner,7.1k,EMT Foundations
Ecology: Ecosystem Dynamics and Conservation,American Museum of Natural History,COURSE,4.8,Intermediate,18k,Ecology Ecosystem Dynamics and Conservation
Econometrics: Methods and Applications,Erasmus University Rotterdam,COURSE,4.7,Intermediate,110k,Econometrics Methods and Applications
Economics of Money and Banking,Columbia University,COURSE,4.9,Intermediate,83k,Economics of Money and Banking
Ecosystem Services: a Method for Sustainable Development,University of Geneva,COURSE,4.7,Intermediate,16k,Ecosystem Services a Method for Sustainable Development
Effective Compliance Programs,University of Pennsylvania,COURSE,4.9,Intermediate,3.4k,Effective Compliance Programs
Egiptología (Egyptology),Universitat Autònoma de Barcelona,COURSE,4.9,Beginner,46k,Egiptologa Egyptology
El Abogado del Futuro: Legaltech y la Transformación Digital del Derecho,Universidad Austral,COURSE,5.0,Beginner,1.5k,El Abogado del Futuro Legaltech y la Transformacin Digital del Derecho
Elastic Google Cloud Infrastructure: Scaling and Automation,Google Cloud,COURSE,4.7,Intermediate,57k,Elastic Google Cloud Infrastructure Scaling and Automation
Electric Industry Operations and Markets,Duke University,COURSE,4.8,Beginner,12k,Electric Industry Operations and Markets
Electronic Music Production,Berklee College of Music,SPECIALIZATION,4.8,Intermediate,110k,Electronic Music Production
Emerging Technologies: From Smartphones to IoT to Big Data,Yonsei University,SPECIALIZATION,4.6,Beginner,17k,Emerging Technologies From Smartphones to IoT to Big Data
"Energy Production, Distribution & Safety",University at Buffalo,SPECIALIZATION,4.7,Beginner,37k,Energy Production Distribution  Safety
Engineering Health: Introduction to Yoga and Physiology,New York University,COURSE,4.8,Beginner,14k,Engineering Health Introduction to Yoga and Physiology
Engineering Project Management: Initiating and Planning,Rice University,COURSE,4.7,Beginner,23k,Engineering Project Management Initiating and Planning
English Composition I,Duke University,COURSE,4.6,Beginner,200k,English Composition I
English for Business and Entrepreneurship,University of Pennsylvania,COURSE,4.8,Beginner,230k,English for Business and Entrepreneurship
English for Career Development,University of Pennsylvania,COURSE,4.8,Intermediate,760k,English for Career Development
English for Journalism,University of Pennsylvania,COURSE,4.8,Intermediate,130k,English for Journalism
English for Research Publication Purposes,Moscow Institute of Physics and Technology,SPECIALIZATION,4.6,Intermediate,42k,English for Research Publication Purposes
"English for Science, Technology, Engineering, and Mathematics",University of Pennsylvania,COURSE,4.8,Beginner,110k,English for Science Technology Engineering and Mathematics
Enterprise Architecture,Peter the Great St. Petersburg Polytechnic University,COURSE,4.4,Beginner,2.4k,Enterprise Architecture
Entrepreneurial Finance: Strategy and Innovation,Duke University,SPECIALIZATION,4.5,Intermediate,7.9k,Entrepreneurial Finance Strategy and Innovation
Entrepreneurship,University of Pennsylvania,SPECIALIZATION,4.8,Beginner,110k,Entrepreneurship
Entrepreneurship 1: Developing the Opportunity,University of Pennsylvania,COURSE,4.8,Intermediate,86k,Entrepreneurship 1 Developing the Opportunity
Entrepreneurship 2: Launching your Start-Up,University of Pennsylvania,COURSE,4.8,Intermediate,38k,Entrepreneurship 2 Launching your StartUp
Entrepreneurship 3: Growth Strategies,University of Pennsylvania,COURSE,4.7,Beginner,31k,Entrepreneurship 3 Growth Strategies
Entrepreneurship Strategy: From Ideation to Exit,HEC Paris,COURSE,4.8,Beginner,20k,Entrepreneurship Strategy From Ideation to Exit
Entrepreneurship: Launching an Innovative Business,"University of Maryland, College Park",SPECIALIZATION,4.6,Beginner,69k,Entrepreneurship Launching an Innovative Business
Epidemics - the Dynamics of Infectious Diseases,The Pennsylvania State University,COURSE,4.8,Intermediate,45k,Epidemics  the Dynamics of Infectious Diseases
"Epidemics, Pandemics and Outbreaks",University of Pittsburgh,COURSE,4.7,Intermediate,23k,Epidemics Pandemics and Outbreaks
Epidemiology for Public Health,Imperial College London,SPECIALIZATION,4.7,Beginner,6.4k,Epidemiology for Public Health
Epidemiology in Public Health Practice,Johns Hopkins University,SPECIALIZATION,4.7,Beginner,31k,Epidemiology in Public Health Practice
Epidemiology: The Basic Science of Public Health,The University of North Carolina at Chapel Hill,COURSE,4.6,Intermediate,130k,Epidemiology The Basic Science of Public Health
Epigenetic Control of Gene Expression,The University of Melbourne,COURSE,4.8,Intermediate,35k,Epigenetic Control of Gene Expression
Equine Welfare and Management,"University of California, Davis",COURSE,4.8,Beginner,7.2k,Equine Welfare and Management
Esports,"University of California, Irvine",SPECIALIZATION,4.5,Beginner,1.8k,Esports
Essential Epidemiologic Tools for Public Health Practice,Johns Hopkins University,COURSE,4.7,Beginner,14k,Essential Epidemiologic Tools for Public Health Practice
Essential Google Cloud Infrastructure: Core Services,Google Cloud,COURSE,4.7,Intermediate,68k,Essential Google Cloud Infrastructure Core Services
Essential Google Cloud Infrastructure: Foundation,Google Cloud,COURSE,4.7,Intermediate,83k,Essential Google Cloud Infrastructure Foundation
Essentials in Clinical Simulations Across the Health Professions,The George Washington University,COURSE,4.8,Intermediate,4.1k,Essentials in Clinical Simulations Across the Health Professions
Essentials of Corporate Finance,The University of Melbourne,SPECIALIZATION,4.6,Intermediate,54k,Essentials of Corporate Finance
Essentials of Global Health,Yale University,COURSE,4.8,Intermediate,31k,Essentials of Global Health
Estadística y probabilidad,Universidad Nacional Autónoma de México,COURSE,4.7,Beginner,27k,Estadstica y probabilidad
Evaluación educativa,Universidad Nacional Autónoma de México,SPECIALIZATION,4.8,Beginner,13k,Evaluacin educativa
"Everyday Excel, Part 1",University of Colorado Boulder,COURSE,4.8,Beginner,11k,Everyday Excel Part 1
Everyday Parenting: The ABCs of Child Rearing,Yale University,COURSE,4.9,Beginner,86k,Everyday Parenting The ABCs of Child Rearing
Excel Skills for Business,Macquarie University,SPECIALIZATION,4.9,Beginner,240k,Excel Skills for Business
Excel Skills for Business: Advanced,Macquarie University,COURSE,4.7,Intermediate,39k,Excel Skills for Business Advanced
Excel Skills for Business: Essentials,Macquarie University,COURSE,4.9,Beginner,200k,Excel Skills for Business Essentials
Excel Skills for Business: Intermediate I,Macquarie University,COURSE,4.9,Intermediate,76k,Excel Skills for Business Intermediate I
Excel Skills for Business: Intermediate II,Macquarie University,COURSE,4.8,Intermediate,39k,Excel Skills for Business Intermediate II
Excel to MySQL: Analytic Techniques for Business,Duke University,SPECIALIZATION,4.6,Beginner,490k,Excel to MySQL Analytic Techniques for Business
Excel/VBA for Creative Problem Solving,University of Colorado Boulder,SPECIALIZATION,4.8,Beginner,56k,ExcelVBA for Creative Problem Solving
"Excel/VBA for Creative Problem Solving, Part 1",University of Colorado Boulder,COURSE,4.8,Beginner,54k,ExcelVBA for Creative Problem Solving Part 1
Executive Data Science,Johns Hopkins University,SPECIALIZATION,4.5,Beginner,170k,Executive Data Science
Explorando la Energía Sustentable,Pontificia Universidad Católica de Chile,COURSE,4.8,Beginner,28k,Explorando la Energa Sustentable
Fashion as Design,The Museum of Modern Art,COURSE,4.8,Beginner,180k,Fashion as Design
Feminism and Social Justice,"University of California, Santa Cruz",COURSE,4.8,Beginner,18k,Feminism and Social Justice
FinTech Law and Policy,Duke University,COURSE,4.8,Beginner,9.7k,FinTech Law and Policy
FinTech: Finance Industry Transformation and Regulation,The Hong Kong University of Science and Technology,SPECIALIZATION,4.6,Beginner,13k,FinTech Finance Industry Transformation and Regulation
"FinTech: Foundations, Payments, and Regulations",University of Pennsylvania,COURSE,4.7,Beginner,12k,FinTech Foundations Payments and Regulations
Finance & Quantitative Modeling for Analysts,University of Pennsylvania,SPECIALIZATION,4.5,Beginner,260k,Finance  Quantitative Modeling for Analysts
Finance for Non-Finance Professionals,Rice University,COURSE,4.8,Beginner,69k,Finance for NonFinance Professionals
Finance for Non-Financial Managers,Emory University,COURSE,4.4,Intermediate,12k,Finance for NonFinancial Managers
Financial Accounting Fundamentals,University of Virginia,COURSE,4.8,Beginner,65k,Financial Accounting Fundamentals
Financial Acumen for Non-Financial Managers,University of Pennsylvania,COURSE,4.5,Beginner,10k,Financial Acumen for NonFinancial Managers
Financial Engineering and Risk Management Part I,Columbia University,COURSE,4.6,Intermediate,100k,Financial Engineering and Risk Management Part I
Financial Management,University of Illinois at Urbana-Champaign,SPECIALIZATION,4.7,Intermediate,76k,Financial Management
Financial Markets,Yale University,COURSE,4.8,Beginner,470k,Financial Markets
Financial Markets and Investment Strategy,Indian School of Business,SPECIALIZATION,4.5,Beginner,60k,Financial Markets and Investment Strategy
Financial Reporting,University of Illinois at Urbana-Champaign,SPECIALIZATION,4.8,Intermediate,12k,Financial Reporting
Financial Technology (Fintech) Innovations,University of Michigan,SPECIALIZATION,4.7,Beginner,6.5k,Financial Technology Fintech Innovations
Financing and Investing in Infrastructure,Università Bocconi,COURSE,4.8,Intermediate,24k,Financing and Investing in Infrastructure
Finanzas corporativas,Universidad Nacional Autónoma de México,SPECIALIZATION,4.6,Intermediate,30k,Finanzas corporativas
Finanzas personales,Universidad Nacional Autónoma de México,COURSE,4.8,Intermediate,310k,Finanzas personales
Finding Purpose and Meaning In Life: Living for What Matters Most,University of Michigan,COURSE,4.7,Beginner,36k,Finding Purpose and Meaning In Life Living for What Matters Most
Fintech: Foundations & Applications of Financial Technology,University of Pennsylvania,SPECIALIZATION,4.6,Beginner,20k,Fintech Foundations  Applications of Financial Technology
First Step Korean,Yonsei University,COURSE,4.9,Beginner,400k,First Step Korean
Food & Beverage Management,Università Bocconi,COURSE,4.8,Intermediate,57k,Food  Beverage Management
Forensic Accounting and Fraud Examination,West Virginia University,COURSE,4.7,Intermediate,42k,Forensic Accounting and Fraud Examination
Formulación y evaluación de proyectos complejos,Universidad de los Andes,COURSE,4.9,Intermediate,4.4k,Formulacin y evaluacin de proyectos complejos
Foundational Finance for Strategic Decision Making,University of Michigan,SPECIALIZATION,4.8,Beginner,14k,Foundational Finance for Strategic Decision Making
Foundations of Business Strategy,University of Virginia,COURSE,4.8,Beginner,63k,Foundations of Business Strategy
Foundations of Everyday Leadership,University of Illinois at Urbana-Champaign,COURSE,4.8,Intermediate,62k,Foundations of Everyday Leadership
Foundations of Global Health,Johns Hopkins University,SPECIALIZATION,4.7,Beginner,31k,Foundations of Global Health
Foundations of Management,IESE Business School,SPECIALIZATION,4.8,Beginner,64k,Foundations of Management
Foundations of Marketing Analytics,Emory University,SPECIALIZATION,4.2,Intermediate,27k,Foundations of Marketing Analytics
Foundations of Positive Psychology,University of Pennsylvania,SPECIALIZATION,4.8,Beginner,89k,Foundations of Positive Psychology
Foundations of Public Health Practice,Imperial College London,SPECIALIZATION,4.8,Beginner,3.2k,Foundations of Public Health Practice
From Data to Insights with Google Cloud Platform,Google Cloud,SPECIALIZATION,4.6,Beginner,26k,From Data to Insights with Google Cloud Platform
From the Big Bang to Dark Energy,The University of Tokyo,COURSE,4.8,Beginner,52k,From the Big Bang to Dark Energy
Front-End Web Development with React,The Hong Kong University of Science and Technology,COURSE,4.7,Intermediate,45k,FrontEnd Web Development with React
Front-End Web UI Frameworks and Tools: Bootstrap 4,The Hong Kong University of Science and Technology,COURSE,4.8,Intermediate,89k,FrontEnd Web UI Frameworks and Tools Bootstrap 4
Full Stack Web and Multiplatform Mobile App Development,The Hong Kong University of Science and Technology,SPECIALIZATION,4.7,Intermediate,150k,Full Stack Web and Multiplatform Mobile App Development
Full-Stack Web Development with React,The Hong Kong University of Science and Technology,SPECIALIZATION,4.7,Intermediate,140k,FullStack Web Development with React
Functional Programming Principles in Scala,École Polytechnique Fédérale de Lausanne,COURSE,4.8,Intermediate,170k,Functional Programming Principles in Scala
Functional Programming in Scala,École Polytechnique Fédérale de Lausanne,SPECIALIZATION,4.7,Intermediate,220k,Functional Programming in Scala
Fundamental Neuroscience for Neuroimaging,Johns Hopkins University,COURSE,4.6,Beginner,30k,Fundamental Neuroscience for Neuroimaging
Fundamentals of Accounting,University of Illinois at Urbana-Champaign,SPECIALIZATION,4.6,Beginner,39k,Fundamentals of Accounting
Fundamentals of Computing,Rice University,SPECIALIZATION,4.8,Beginner,200k,Fundamentals of Computing
Fundamentals of Engineering Exam Review,Georgia Institute of Technology,COURSE,4.7,Intermediate,49k,Fundamentals of Engineering Exam Review
Fundamentals of GIS,"University of California, Davis",COURSE,4.8,Beginner,86k,Fundamentals of GIS
Fundamentals of Graphic Design,California Institute of the Arts,COURSE,4.8,Beginner,290k,Fundamentals of Graphic Design
Fundamentals of Immunology,Rice University,SPECIALIZATION,4.7,Intermediate,20k,Fundamentals of Immunology
Fundamentals of Immunology: Innate Immunity and B-Cell Function,Rice University,COURSE,4.7,Intermediate,18k,Fundamentals of Immunology Innate Immunity and BCell Function
Fundamentals of Music Theory,The University of Edinburgh,COURSE,4.6,Beginner,180k,Fundamentals of Music Theory
Fundamentals of Project Planning and Management,University of Virginia,COURSE,4.7,Beginner,120k,Fundamentals of Project Planning and Management
Fundamentals of Quantitative Modeling,University of Pennsylvania,COURSE,4.6,Intermediate,110k,Fundamentals of Quantitative Modeling
Fundamentals of Reinforcement Learning,University of Alberta,COURSE,4.8,Intermediate,22k,Fundamentals of Reinforcement Learning
Fundamentals of Visualization with Tableau,"University of California, Davis",COURSE,4.5,Beginner,81k,Fundamentals of Visualization with Tableau
Fundamentos Empresariales,University of Pennsylvania,SPECIALIZATION,4.6,Beginner,25k,Fundamentos Empresariales
Fundamentos Estratégicos Empresariales,Universidad Nacional Autónoma de México,SPECIALIZATION,4.6,Beginner,56k,Fundamentos Estratgicos Empresariales
Fundamentos de Excel para Negocios,Universidad Austral,COURSE,4.7,Beginner,150k,Fundamentos de Excel para Negocios
Fundamentos de Finanzas Empresariales,Universidad de los Andes,COURSE,4.8,Beginner,110k,Fundamentos de Finanzas Empresariales
Fundamentos de la escritura,Tecnológico de Monterrey,COURSE,4.6,Beginner,47k,Fundamentos de la escritura
Fundraising and Development,"University of California, Davis",SPECIALIZATION,4.6,Beginner,4.9k,Fundraising and Development
Futures Thinking,Institute for the Future,SPECIALIZATION,4.8,Beginner,9.4k,Futures Thinking
G Suite Administration,Google Cloud,SPECIALIZATION,4.7,Beginner,10k,G Suite Administration
"GIS, Mapping, and Spatial Analysis",University of Toronto,SPECIALIZATION,4.8,Beginner,140k,GIS Mapping and Spatial Analysis
Game Design and Development,Michigan State University,SPECIALIZATION,4.7,Intermediate,100k,Game Design and Development
Game Theory,Stanford University,COURSE,4.6,Beginner,260k,Game Theory
Gamification,University of Pennsylvania,COURSE,4.8,Intermediate,110k,Gamification
Gender and Sexuality: Diversity and Inclusion in the Workplace,University of Pittsburgh,COURSE,4.7,Beginner,14k,Gender and Sexuality Diversity and Inclusion in the Workplace
Genomic Data Science,Johns Hopkins University,SPECIALIZATION,4.4,Intermediate,80k,Genomic Data Science
Geographic Information Systems  (GIS),"University of California, Davis",SPECIALIZATION,4.8,Beginner,97k,Geographic Information Systems  GIS
Geopolitics of Europe,Sciences Po,COURSE,4.3,Intermediate,19k,Geopolitics of Europe
Geopolítica y gobernanza global: riesgos y oportunidades,ESADE Business and Law School,COURSE,4.8,Intermediate,34k,Geopoltica y gobernanza global riesgos y oportunidades
Gestión de organizaciones efectivas,Pontificia Universidad Católica de Chile,COURSE,4.7,Intermediate,47k,Gestin de organizaciones efectivas
Get Interactive: Practical Teaching with Technology,Bloomsbury Learning Exchange,COURSE,4.7,Beginner,14k,Get Interactive Practical Teaching with Technology
Getting Started With Music Theory,Michigan State University,COURSE,4.5,Beginner,59k,Getting Started With Music Theory
Getting Started with AWS Machine Learning,Amazon Web Services,COURSE,4.5,Intermediate,73k,Getting Started with AWS Machine Learning
Getting Started with Go,"University of California, Irvine",COURSE,4.6,Intermediate,59k,Getting Started with Go
Getting Started with Google Kubernetes Engine,Google Cloud,COURSE,4.5,Intermediate,75k,Getting Started with Google Kubernetes Engine
Getting Started with Google Sheets,Google Cloud,COURSE,4.6,Beginner,18k,Getting Started with Google Sheets
Getting Started with SAS Programming,SAS,COURSE,4.9,Beginner,22k,Getting Started with SAS Programming
Global Diplomacy – Diplomacy in the Modern World,SOAS University of London,COURSE,4.6,Intermediate,79k,Global Diplomacy  Diplomacy in the Modern World
Global Diplomacy: the United Nations in the World,SOAS University of London,COURSE,4.7,Beginner,29k,Global Diplomacy the United Nations in the World
Global Energy and Climate Policy,SOAS University of London,COURSE,4.5,Beginner,10k,Global Energy and Climate Policy
Global Environmental Management,Technical University of Denmark (DTU),COURSE,4.6,Intermediate,22k,Global Environmental Management
Global Financial Markets and Instruments,Rice University,COURSE,4.6,Intermediate,37k,Global Financial Markets and Instruments
Global Financing Solutions  (by EDHEC and Société Générale),EDHEC Business School,COURSE,4.6,Intermediate,3.6k,Global Financing Solutions  by EDHEC and Socit Gnrale
Global Trends for Business and Society,University of Pennsylvania,COURSE,4.8,Intermediate,7.6k,Global Trends for Business and Society
"Globalization, Economic Growth and Stability",IE Business School,SPECIALIZATION,4.8,Intermediate,44k,Globalization Economic Growth and Stability
Good with Words: Writing and Editing,University of Michigan,SPECIALIZATION,4.6,Beginner,3.8k,Good with Words Writing and Editing
Google Cloud Platform Big Data and Machine Learning Fundamentals,Google Cloud,COURSE,4.6,Intermediate,120k,Google Cloud Platform Big Data and Machine Learning Fundamentals
Google Cloud Platform Fundamentals for AWS Professionals,Google Cloud,COURSE,4.7,Intermediate,36k,Google Cloud Platform Fundamentals for AWS Professionals
Google IT Automation with Python,Google,PROFESSIONAL CERTIFICATE,4.7,Beginner,93k,Google IT Automation with Python
Google IT Support,Google,PROFESSIONAL CERTIFICATE,4.8,Beginner,350k,Google IT Support
Grammar and Punctuation,"University of California, Irvine",COURSE,4.7,Intermediate,430k,Grammar and Punctuation
Graphic Design Elements for Non-Designers,University of Colorado Boulder,SPECIALIZATION,4.7,Beginner,10k,Graphic Design Elements for NonDesigners
Greek and Roman Mythology,University of Pennsylvania,COURSE,4.8,Intermediate,260k,Greek and Roman Mythology
Greening the Economy: Sustainable Cities,Lund University,COURSE,4.6,Beginner,56k,Greening the Economy Sustainable Cities
Guitar for Beginners,Berklee College of Music,COURSE,4.8,Intermediate,210k,Guitar for Beginners
Gut Check: Exploring Your Microbiome,University of California San Diego,COURSE,4.7,Intermediate,62k,Gut Check Exploring Your Microbiome
"HTML, CSS, and Javascript for Web Developers",Johns Hopkins University,COURSE,4.8,Intermediate,240k,HTML CSS and Javascript for Web Developers
Habilidades Gerenciales,Universidad Nacional Autónoma de México,SPECIALIZATION,4.7,Beginner,43k,Habilidades Gerenciales
Hacia una práctica constructivista en el aula,Pontificia Universidad Católica de Chile,COURSE,4.8,Intermediate,62k,Hacia una prctica constructivista en el aula
Hardware Description Languages for FPGA Design,University of Colorado Boulder,COURSE,4.2,Intermediate,7.4k,Hardware Description Languages for FPGA Design
Healing with the Arts,University of Florida,COURSE,4.6,Intermediate,39k,Healing with the Arts
Health Informatics,Johns Hopkins University,SPECIALIZATION,4.5,Beginner,8.1k,Health Informatics
Health Information Literacy for Data Analytics,"University of California, Davis",SPECIALIZATION,4.5,Intermediate,5.4k,Health Information Literacy for Data Analytics
Healthcare Law,University of Pennsylvania,SPECIALIZATION,4.7,Intermediate,1.7k,Healthcare Law
Healthcare Marketplace,University of Minnesota,SPECIALIZATION,4.4,Beginner,36k,Healthcare Marketplace
Healthcare Organization Operations,Rutgers the State University of New Jersey,SPECIALIZATION,4.6,Beginner,5.5k,Healthcare Organization Operations
"High Performance Collaboration: Leadership, Teamwork, and Negotiation",Northwestern University,COURSE,4.8,Intermediate,46k,High Performance Collaboration Leadership Teamwork and Negotiation
Homeland Security and Cybersecurity,University of Colorado System,SPECIALIZATION,4.7,Beginner,5.5k,Homeland Security and Cybersecurity
"Hotel Management: Distribution, Revenue and Demand Management",ESSEC Business School,SPECIALIZATION,4.6,Beginner,28k,Hotel Management Distribution Revenue and Demand Management
How Things Work: An Introduction to Physics,University of Virginia,COURSE,4.8,Intermediate,170k,How Things Work An Introduction to Physics
How To Create a Website in a Weekend! (Project-Centered Course),The State University of New York,COURSE,3.3,Intermediate,140k,How To Create a Website in a Weekend ProjectCentered Course
How to Start Your Own Business,Michigan State University,SPECIALIZATION,4.1,Beginner,34k,How to Start Your Own Business
Human Resource Management: HR for People Managers,University of Minnesota,SPECIALIZATION,4.7,Beginner,98k,Human Resource Management HR for People Managers
IBM AI Engineering,IBM,PROFESSIONAL CERTIFICATE,4.6,Intermediate,140k,IBM AI Engineering
IBM AI Enterprise Workflow,IBM,SPECIALIZATION,4.4,Advanced,3.5k,IBM AI Enterprise Workflow
IBM Applied AI,IBM,PROFESSIONAL CERTIFICATE,4.6,Beginner,220k,IBM Applied AI
IBM Customer Engagement Specialist Professional Certificate,IBM,COURSE,4.8,Beginner,3.3k,IBM Customer Engagement Specialist Professional Certificate
IBM Data Science,IBM,PROFESSIONAL CERTIFICATE,4.6,Beginner,480k,IBM Data Science
IT Fundamentals for Cybersecurity,IBM,SPECIALIZATION,4.5,Beginner,35k,IT Fundamentals for Cybersecurity
IT Security: Defense against the digital dark arts,Google,COURSE,4.8,Beginner,62k,IT Security Defense against the digital dark arts
"Identifying, Monitoring, and Analyzing Risk and Incident Response and Recovery",(ISC)²,COURSE,4.9,Beginner,1.7k,Identifying Monitoring and Analyzing Risk and Incident Response and Recovery
Implementación del Marketing Mix,IE Business School,SPECIALIZATION,4.7,Beginner,23k,Implementacin del Marketing Mix
Implementing RPA with Cognitive Automation and Analytics,Automation Anywhere,SPECIALIZATION,4.6,Beginner,2.2k,Implementing RPA with Cognitive Automation and Analytics
Improve Your English Communication Skills,Georgia Institute of Technology,SPECIALIZATION,4.7,Beginner,610k,Improve Your English Communication Skills
"Improving Deep Neural Networks: Hyperparameter tuning, Regularization and Optimization",deeplearning.ai,COURSE,4.9,Beginner,270k,Improving Deep Neural Networks Hyperparameter tuning Regularization and Optimization
Improving Leadership & Governance in Nonprofit Organizations,Luther College at the University of Regina,SPECIALIZATION,4.4,Beginner,18k,Improving Leadership  Governance in Nonprofit Organizations
In the Studio: Postwar Abstract Painting,The Museum of Modern Art,COURSE,4.9,Beginner,79k,In the Studio Postwar Abstract Painting
Indigenous Canada,University of Alberta,COURSE,4.8,Intermediate,51k,Indigenous Canada
Industrial IoT on Google Cloud Platform,Google Cloud,COURSE,4.5,Beginner,34k,Industrial IoT on Google Cloud Platform
Infectious Disease Modelling,Imperial College London,SPECIALIZATION,5.0,Intermediate,1.6k,Infectious Disease Modelling
Influencer Marketing Strategy,Rutgers the State University of New Jersey,COURSE,4.4,Intermediate,12k,Influencer Marketing Strategy
"Influencing: Storytelling, Change Management and Governance",Macquarie University,SPECIALIZATION,4.8,Beginner,22k,Influencing Storytelling Change Management and Governance
Information Security: Context and Introduction,"Royal Holloway, University of London",COURSE,4.6,Beginner,32k,Information Security Context and Introduction
Information Visualization,New York University,SPECIALIZATION,4.6,Beginner,10k,Information Visualization
Information​ ​Systems,University of Minnesota,SPECIALIZATION,4.7,Beginner,16k,Information Systems
Initiating and Planning Projects,"University of California, Irvine",COURSE,4.7,Intermediate,180k,Initiating and Planning Projects
Innovation Management,Erasmus University Rotterdam,COURSE,4.6,Beginner,40k,Innovation Management
"Innovation Through Design: Think, Make, Break, Repeat",The University of Sydney,COURSE,4.8,Beginner,10k,Innovation Through Design Think Make Break Repeat
Innovation: From Creativity to Entrepreneurship,University of Illinois at Urbana-Champaign,SPECIALIZATION,4.8,Beginner,25k,Innovation From Creativity to Entrepreneurship
Inspirational Leadership: Leading with Sense,HEC Paris,SPECIALIZATION,4.5,Beginner,72k,Inspirational Leadership Leading with Sense
Inspired Leadership,Case Western Reserve University,SPECIALIZATION,4.7,Intermediate,97k,Inspired Leadership
Inspiring and Motivating Individuals,University of Michigan,COURSE,4.8,Intermediate,85k,Inspiring and Motivating Individuals
Instructional Design Foundations and Applications,University of Illinois at Urbana-Champaign,COURSE,4.2,Intermediate,12k,Instructional Design Foundations and Applications
Instructional Methods in Health Professions Education,University of Michigan,COURSE,4.6,Intermediate,9.7k,Instructional Methods in Health Professions Education
Integrative Health and Medicine,University of Minnesota,SPECIALIZATION,4.8,Beginner,14k,Integrative Health and Medicine
Intellectual Property Law,University of Pennsylvania,SPECIALIZATION,4.8,Intermediate,8.7k,Intellectual Property Law
Interaction Design,University of California San Diego,SPECIALIZATION,4.5,Intermediate,150k,Interaction Design
Intercultural Management,ESCP Business School,COURSE,4.6,Beginner,6.5k,Intercultural Management
International Business Essentials,University of London,SPECIALIZATION,4.5,Intermediate,22k,International Business Essentials
International Cyber Conflicts,The State University of New York,COURSE,4.4,Intermediate,25k,International Cyber Conflicts
International Humanitarian Law in Theory and Practice,Kalshoven-Gieskes Forum,COURSE,4.8,Beginner,22k,International Humanitarian Law in Theory and Practice
International Law in Action: A Guide to the International Courts and Tribunals in The Hague,Universiteit Leiden,COURSE,4.8,Intermediate,36k,International Law in Action A Guide to the International Courts and Tribunals in The Hague
International Law in Action: the Arbitration of International Disputes,Universiteit Leiden,COURSE,4.8,Intermediate,19k,International Law in Action the Arbitration of International Disputes
International Leadership and Organizational Behavior,Università Bocconi,COURSE,4.8,Intermediate,41k,International Leadership and Organizational Behavior
International Marketing & Cross Industry Growth,Yonsei University,SPECIALIZATION,4.6,Beginner,26k,International Marketing  Cross Industry Growth
International Organizations Management,University of Geneva,COURSE,4.8,Beginner,20k,International Organizations Management
International Security Management,Erasmus University Rotterdam,COURSE,4.5,Beginner,2.2k,International Security Management
International Women's Health and Human Rights,Stanford University,COURSE,4.9,Beginner,35k,International Womens Health and Human Rights
International migrations: a global issue,Sciences Po,COURSE,4.6,Beginner,11k,International migrations a global issue
Internet Connection: How to Get Online?,Cisco,COURSE,4.7,Beginner,36k,Internet Connection How to Get Online
Internet Giants: The Law and Economics of Media Platforms,The University of Chicago,COURSE,4.8,Intermediate,38k,Internet Giants The Law and Economics of Media Platforms
Interviewing and Resume Writing in English,"University of Maryland, College Park",SPECIALIZATION,4.6,Intermediate,66k,Interviewing and Resume Writing in English
Introducción a Data Science: Programación Estadística con R,Universidad Nacional Autónoma de México,COURSE,4.7,Beginner,140k,Introduccin a Data Science Programacin Estadstica con R
Introducción a la programación en Python I: Aprendiendo a programar con Python,Pontificia Universidad Católica de Chile,COURSE,4.4,Beginner,100k,Introduccin a la programacin en Python I Aprendiendo a programar con Python
Introduction aux Droits de l’Homme,University of Geneva,COURSE,4.8,Intermediate,46k,Introduction aux Droits de lHomme
Introduction to Ableton Live,Berklee College of Music,COURSE,4.8,Intermediate,60k,Introduction to Ableton Live
Introduction to Artificial Intelligence (AI),IBM,COURSE,4.7,Beginner,44k,Introduction to Artificial Intelligence AI
Introduction to Big Data,University of California San Diego,COURSE,4.6,Intermediate,160k,Introduction to Big Data
Introduction to Blockchain Technologies,INSEAD,COURSE,4.7,Beginner,16k,Introduction to Blockchain Technologies
Introduction to Breast Cancer,Yale University,COURSE,4.9,Intermediate,27k,Introduction to Breast Cancer
Introduction to Business Analytics: Communicating with Data,University of Illinois at Urbana-Champaign,COURSE,4.7,Intermediate,14k,Introduction to Business Analytics Communicating with Data
Introduction to CSS3,University of Michigan,COURSE,4.8,Intermediate,84k,Introduction to CSS3
Introduction to Calculus,The University of Sydney,COURSE,4.8,Intermediate,53k,Introduction to Calculus
Introduction to Chemistry:  Reactions and Ratios,Duke University,COURSE,4.8,Beginner,46k,Introduction to Chemistry  Reactions and Ratios
Introduction to Classical Music,Yale University,COURSE,4.9,Intermediate,150k,Introduction to Classical Music
Introduction to Cloud Computing,IBM,COURSE,4.6,Beginner,2.6k,Introduction to Cloud Computing
Introduction to Computer Programming,"Goldsmiths, University of London",COURSE,4.3,Beginner,20k,Introduction to Computer Programming
Introduction to Computer Science and Programming,"Goldsmiths, University of London",SPECIALIZATION,4.3,Beginner,32k,Introduction to Computer Science and Programming
Introduction to Corporate Finance,University of Pennsylvania,COURSE,4.6,Intermediate,130k,Introduction to Corporate Finance
Introduction to Cyber Attacks,New York University,COURSE,4.7,Beginner,27k,Introduction to Cyber Attacks
Introduction to Cyber Security,New York University,SPECIALIZATION,4.7,Beginner,32k,Introduction to Cyber Security
Introduction to Cybersecurity Tools & Cyber Attacks,IBM,COURSE,4.5,Beginner,30k,Introduction to Cybersecurity Tools  Cyber Attacks
Introduction to Data Analysis Using Excel,Rice University,COURSE,4.7,Intermediate,99k,Introduction to Data Analysis Using Excel
Introduction to Data Science,IBM,SPECIALIZATION,4.6,Beginner,310k,Introduction to Data Science
Introduction to Data Science in Python,University of Michigan,COURSE,4.5,Intermediate,390k,Introduction to Data Science in Python
Introduction to Dental Medicine,University of Pennsylvania,COURSE,4.8,Beginner,25k,Introduction to Dental Medicine
Introduction to Discrete Mathematics for Computer Science,National Research University Higher School of Economics,SPECIALIZATION,4.4,Beginner,75k,Introduction to Discrete Mathematics for Computer Science
Introduction to Electronics,Georgia Institute of Technology,COURSE,4.7,Intermediate,110k,Introduction to Electronics
Introduction to Embedded Systems Software and Development Environments,University of Colorado Boulder,COURSE,4.5,Intermediate,41k,Introduction to Embedded Systems Software and Development Environments
Introduction to Engineering Mechanics,Georgia Institute of Technology,COURSE,4.7,Intermediate,150k,Introduction to Engineering Mechanics
Introduction to Environmental Law and Policy,The University of North Carolina at Chapel Hill,COURSE,4.8,Intermediate,34k,Introduction to Environmental Law and Policy
Introduction to Financial Accounting,University of Pennsylvania,COURSE,4.7,Intermediate,200k,Introduction to Financial Accounting
Introduction to Forensic Science,"Nanyang Technological University, Singapore",COURSE,4.9,Intermediate,47k,Introduction to Forensic Science
Introduction to Game Development,Michigan State University,COURSE,4.8,Intermediate,79k,Introduction to Game Development
Introduction to Genetics and Evolution,Duke University,COURSE,4.8,Intermediate,74k,Introduction to Genetics and Evolution
Introduction to Genomic Technologies,Johns Hopkins University,COURSE,4.6,Intermediate,42k,Introduction to Genomic Technologies
Introduction to HTML5,University of Michigan,COURSE,4.7,Intermediate,220k,Introduction to HTML5
Introduction to Imagemaking,California Institute of the Arts,COURSE,4.5,Beginner,54k,Introduction to Imagemaking
Introduction to Intellectual Property,University of Pennsylvania,COURSE,4.8,Beginner,6k,Introduction to Intellectual Property
Introduction to International Criminal Law,Case Western Reserve University,COURSE,4.8,Intermediate,82k,Introduction to International Criminal Law
Introduction to Marketing,University of Pennsylvania,COURSE,4.8,Intermediate,220k,Introduction to Marketing
Introduction to Mathematical Thinking,Stanford University,COURSE,4.8,Intermediate,270k,Introduction to Mathematical Thinking
Introduction to Operations Management,University of Pennsylvania,COURSE,4.5,Intermediate,87k,Introduction to Operations Management
Introduction to Personal Branding,University of Virginia,COURSE,4.4,Beginner,140k,Introduction to Personal Branding
Introduction to Philosophy,The University of Edinburgh,COURSE,4.6,Intermediate,370k,Introduction to Philosophy
Introduction to Portfolio Construction and Analysis with Python,EDHEC Business School,COURSE,4.8,Intermediate,11k,Introduction to Portfolio Construction and Analysis with Python
Introduction to Probability and Data,Duke University,COURSE,4.7,Beginner,160k,Introduction to Probability and Data
Introduction to Programming in C,Duke University,SPECIALIZATION,4.7,Beginner,82k,Introduction to Programming in C
Introduction to Programming with MATLAB,Vanderbilt University,COURSE,4.8,Beginner,270k,Introduction to Programming with MATLAB
Introduction to Psychology,Yale University,COURSE,4.9,Beginner,270k,Introduction to Psychology
Introduction to Scripting in Python,Rice University,SPECIALIZATION,4.7,Beginner,49k,Introduction to Scripting in Python
Introduction to Self-Driving Cars,University of Toronto,COURSE,4.8,Advanced,39k,Introduction to SelfDriving Cars
Introduction to Spreadsheets and Models,University of Pennsylvania,COURSE,4.2,Intermediate,76k,Introduction to Spreadsheets and Models
Introduction to Statistics & Data Analysis in Public Health,Imperial College London,COURSE,4.7,Beginner,12k,Introduction to Statistics  Data Analysis in Public Health
Introduction to Sustainability,University of Illinois at Urbana-Champaign,COURSE,4.8,Intermediate,69k,Introduction to Sustainability
Introduction to Systematic Review and Meta-Analysis,Johns Hopkins University,COURSE,4.8,Intermediate,67k,Introduction to Systematic Review and MetaAnalysis
Introduction to Systems Engineering,UNSW Sydney (The University of New South Wales),COURSE,4.7,Intermediate,33k,Introduction to Systems Engineering
"Introduction to TensorFlow for Artificial Intelligence, Machine Learning, and Deep Learning",deeplearning.ai,COURSE,4.7,Intermediate,150k,Introduction to TensorFlow for Artificial Intelligence Machine Learning and Deep Learning
Introduction to Thermodynamics: Transferring Energy from Here to There,University of Michigan,COURSE,4.8,Beginner,4.1k,Introduction to Thermodynamics Transferring Energy from Here to There
"Introduction to Trading, Machine Learning & GCP",New York Institute of Finance,COURSE,4.0,Intermediate,13k,Introduction to Trading Machine Learning  GCP
Introduction to Typography,California Institute of the Arts,COURSE,4.8,Beginner,72k,Introduction to Typography
Introduction to User Experience Design,Georgia Institute of Technology,COURSE,4.5,Beginner,87k,Introduction to User Experience Design
Introduction to User Experience Principles and Processes,University of Michigan,COURSE,4.8,Beginner,16k,Introduction to User Experience Principles and Processes
Introduction to Web Development,"University of California, Davis",COURSE,4.7,Beginner,76k,Introduction to Web Development
Introduction to the Biology of Cancer,Johns Hopkins University,COURSE,4.8,Beginner,110k,Introduction to the Biology of Cancer
Introductory Human Physiology,Duke University,COURSE,4.7,Intermediate,270k,Introductory Human Physiology
Introdução aos Princípios e Práticas da Gestão De Projetos,Universidade de São Paulo,SPECIALIZATION,4.9,Beginner,4.5k,Introduo aos Princpios e Prticas da Gesto De Projetos
Introdução à Ciência da Computação com Python Parte 1,Universidade de São Paulo,COURSE,4.9,Beginner,120k,Introduo  Cincia da Computao com Python Parte 1
Investment Management,University of Geneva,SPECIALIZATION,4.7,Beginner,99k,Investment Management
Investment Management with Python and Machine Learning,EDHEC Business School,SPECIALIZATION,4.6,Beginner,14k,Investment Management with Python and Machine Learning
Investment and Portfolio Management,Rice University,SPECIALIZATION,4.5,Beginner,49k,Investment and Portfolio Management
Japanese for beginners 1,Saint Petersburg State University,COURSE,4.6,Beginner,4.4k,Japanese for beginners 1
Java Programming and Software Engineering Fundamentals,Duke University,SPECIALIZATION,4.6,Beginner,380k,Java Programming and Software Engineering Fundamentals
Java Programming: Solving Problems with Software,Duke University,COURSE,4.6,Beginner,160k,Java Programming Solving Problems with Software
Julia Scientific Programming,University of Cape Town,COURSE,4.5,Beginner,22k,Julia Scientific Programming
Kotlin for Java Developers,JetBrains,COURSE,4.7,Intermediate,37k,Kotlin for Java Developers
L'excellence opérationnelle en pratique,ESSEC Business School,COURSE,4.7,Beginner,8k,Lexcellence oprationnelle en pratique
"L'impact investing, la finance qui change le monde",ESSEC Business School,SPECIALIZATION,4.6,Beginner,6.3k,Limpact investing la finance qui change le monde
Leadership Development for Engineers,Rice University,SPECIALIZATION,4.7,Beginner,17k,Leadership Development for Engineers
Leadership in 21st Century Organizations,Copenhagen Business School,COURSE,4.7,Intermediate,34k,Leadership in 21st Century Organizations
Leading Healthcare Quality and Safety,The George Washington University,COURSE,4.8,Beginner,16k,Leading Healthcare Quality and Safety
Leading People and Teams,University of Michigan,SPECIALIZATION,4.7,Beginner,220k,Leading People and Teams
"Leading for Equity, Diversity and Inclusion in Higher Education",University of Michigan,COURSE,4.7,Intermediate,5.9k,Leading for Equity Diversity and Inclusion in Higher Education
Leading: Human Resource Management and Leadership,Macquarie University,SPECIALIZATION,4.8,Intermediate,16k,Leading Human Resource Management and Leadership
Learn Chinese: HSK Test Preparation,Peking University,SPECIALIZATION,4.8,Beginner,43k,Learn Chinese HSK Test Preparation
Learn English,Tsinghua University,SPECIALIZATION,4.3,Beginner,22k,Learn English
Learn English: Advanced Academic Speaking and Listening,"University of California, Irvine",SPECIALIZATION,4.5,Intermediate,78k,Learn English Advanced Academic Speaking and Listening
Learn English: Advanced Grammar and Punctuation,"University of California, Irvine",SPECIALIZATION,4.8,Advanced,52k,Learn English Advanced Grammar and Punctuation
Learn English: Intermediate Grammar,"University of California, Irvine",SPECIALIZATION,4.7,Intermediate,120k,Learn English Intermediate Grammar
Learn Mandarin Chinese,Shanghai Jiao Tong University,SPECIALIZATION,4.8,Beginner,39k,Learn Mandarin Chinese
Learn SQL Basics for Data Science,"University of California, Davis",SPECIALIZATION,4.6,Beginner,160k,Learn SQL Basics for Data Science
Learn Spanish: Basic Spanish Vocabulary,"University of California, Davis",SPECIALIZATION,4.6,Beginner,80k,Learn Spanish Basic Spanish Vocabulary
Learn to Program: The Fundamentals,University of Toronto,COURSE,4.8,Beginner,180k,Learn to Program The Fundamentals
Learn to Speak Korean 1,Yonsei University,COURSE,4.9,Beginner,120k,Learn to Speak Korean 1
Learning to Teach Online,UNSW Sydney (The University of New South Wales),COURSE,4.7,Beginner,68k,Learning to Teach Online
Legal Tech & Startups,IE Business School,COURSE,4.5,Intermediate,7.2k,Legal Tech  Startups
Les Fondamentaux de la Négociation,ESSEC Business School,COURSE,4.7,Beginner,10k,Les Fondamentaux de la Ngociation
Liderazgo efectivo para el siglo XXI,Universidad de los Andes,SPECIALIZATION,4.8,Intermediate,23k,Liderazgo efectivo para el siglo XXI
Linear Circuits 1: DC Analysis,Georgia Institute of Technology,COURSE,4.6,Intermediate,29k,Linear Circuits 1 DC Analysis
Love as a Force for Social Justice,Stanford University,COURSE,4.7,Beginner,14k,Love as a Force for Social Justice
Machine Learning,University of Washington,SPECIALIZATION,4.6,Intermediate,290k,Machine Learning
Machine Learning Foundations: A Case Study Approach,University of Washington,COURSE,4.6,Intermediate,240k,Machine Learning Foundations A Case Study Approach
Machine Learning and Reinforcement Learning in Finance,New York University,SPECIALIZATION,3.7,Intermediate,29k,Machine Learning and Reinforcement Learning in Finance
Machine Learning for All,University of London,COURSE,4.6,Beginner,19k,Machine Learning for All
Machine Learning for Business Professionals,Google Cloud,COURSE,4.6,Intermediate,58k,Machine Learning for Business Professionals
Machine Learning for Trading,Google Cloud,SPECIALIZATION,3.9,Intermediate,15k,Machine Learning for Trading
Machine Learning with Python,IBM,COURSE,4.7,Intermediate,120k,Machine Learning with Python
Machine Learning with TensorFlow on Google Cloud Platform,Google Cloud,SPECIALIZATION,4.5,Intermediate,72k,Machine Learning with TensorFlow on Google Cloud Platform
Magic in the Middle Ages,Universitat de Barcelona,COURSE,4.6,Beginner,78k,Magic in the Middle Ages
Making Architecture,IE School of Architecture & Design,COURSE,4.7,Beginner,43k,Making Architecture
Management of Fashion and Luxury Companies,Università Bocconi,COURSE,4.7,Intermediate,120k,Management of Fashion and Luxury Companies
Managerial Accounting Fundamentals,University of Virginia,COURSE,4.9,Beginner,11k,Managerial Accounting Fundamentals
Managerial Economics and Business Analysis,University of Illinois at Urbana-Champaign,SPECIALIZATION,4.7,Beginner,55k,Managerial Economics and Business Analysis
Managing Innovation and Design Thinking,HEC Paris,SPECIALIZATION,4.7,Beginner,23k,Managing Innovation and Design Thinking
Managing Project Risks and Changes,"University of California, Irvine",COURSE,4.7,Intermediate,71k,Managing Project Risks and Changes
Managing Social and Human Capital,University of Pennsylvania,COURSE,4.5,Beginner,27k,Managing Social and Human Capital
Managing Your Health: The Role of Physical Therapy and Exercise,University of Toronto,COURSE,4.6,Beginner,47k,Managing Your Health The Role of Physical Therapy and Exercise
Market Research,"University of California, Davis",SPECIALIZATION,4.5,Beginner,22k,Market Research
Marketing Digital,Universidade de São Paulo,COURSE,4.8,Beginner,81k,Marketing Digital
Marketing Gerencial,Universidad de Chile,COURSE,4.7,Intermediate,49k,Marketing Gerencial
Marketing Mix Implementation,IE Business School,SPECIALIZATION,4.6,Beginner,93k,Marketing Mix Implementation
Marketing Strategy,IE Business School,SPECIALIZATION,4.4,Beginner,57k,Marketing Strategy
Marketing Verde,Universidad de los Andes,COURSE,4.8,Intermediate,58k,Marketing Verde
Marketing con Redes Sociales,Tecnológico de Monterrey,SPECIALIZATION,4.4,Intermediate,60k,Marketing con Redes Sociales
Marketing in a Digital World,University of Illinois at Urbana-Champaign,COURSE,4.7,Beginner,310k,Marketing in a Digital World
Mastering Data Analysis in Excel,Duke University,COURSE,4.2,Intermediate,280k,Mastering Data Analysis in Excel
Mastering Final Cut Pro,LearnQuest,COURSE,4.6,Beginner,8.4k,Mastering Final Cut Pro
Mastering Software Development in R,Johns Hopkins University,SPECIALIZATION,4.3,Beginner,52k,Mastering Software Development in R
Materials Science: 10 Things Every Engineer Should Know,"University of California, Davis",COURSE,4.7,Intermediate,48k,Materials Science 10 Things Every Engineer Should Know
Mathematics for Data Science,National Research University Higher School of Economics,SPECIALIZATION,4.5,Beginner,12k,Mathematics for Data Science
Mathematics for Machine Learning,Imperial College London,SPECIALIZATION,4.6,Beginner,150k,Mathematics for Machine Learning
Mathematics for Machine Learning: Linear Algebra,Imperial College London,COURSE,4.7,Beginner,140k,Mathematics for Machine Learning Linear Algebra
Mathematics for Machine Learning: Multivariate Calculus,Imperial College London,COURSE,4.7,Beginner,51k,Mathematics for Machine Learning Multivariate Calculus
Mathematics for Machine Learning: PCA,Imperial College London,COURSE,4.0,Intermediate,33k,Mathematics for Machine Learning PCA
Medical Cannabis: The Health Effects of THC and CBD,University of Colorado Boulder,SPECIALIZATION,4.8,Beginner,4.8k,Medical Cannabis The Health Effects of THC and CBD
Medical Neuroscience,Duke University,COURSE,4.9,Advanced,170k,Medical Neuroscience
Memoir and Personal Essay: Write About Yourself,Wesleyan University,SPECIALIZATION,4.3,Beginner,13k,Memoir and Personal Essay Write About Yourself
Methods and Statistics in Social Sciences,University of Amsterdam,SPECIALIZATION,4.6,Beginner,260k,Methods and Statistics in Social Sciences
Microeconomics Principles,University of Illinois at Urbana-Champaign,COURSE,4.9,Beginner,73k,Microeconomics Principles
Microeconomics: The Power of Markets,University of Pennsylvania,COURSE,4.7,Intermediate,34k,Microeconomics The Power of Markets
Mindshift: Break Through Obstacles to Learning and Discover Your Hidden Potential,McMaster University,COURSE,4.8,Beginner,230k,Mindshift Break Through Obstacles to Learning and Discover Your Hidden Potential
Miracles of Human Language: An Introduction to Linguistics,Universiteit Leiden,COURSE,4.7,Beginner,120k,Miracles of Human Language An Introduction to Linguistics
Model Thinking,University of Michigan,COURSE,4.8,Intermediate,130k,Model Thinking
Modeling Risk and Realities,University of Pennsylvania,COURSE,4.6,Intermediate,36k,Modeling Risk and Realities
Modern Art & Ideas,The Museum of Modern Art,COURSE,4.7,Beginner,310k,Modern Art  Ideas
Modern Big Data Analysis with SQL,Cloudera,SPECIALIZATION,4.8,Beginner,14k,Modern Big Data Analysis with SQL
"Modern Robotics:  Mechanics, Planning, and Control",Northwestern University,SPECIALIZATION,4.7,Intermediate,21k,Modern Robotics  Mechanics Planning and Control
Modernizing Data Lakes and Data Warehouses with GCP,Google Cloud,COURSE,4.7,Intermediate,9.1k,Modernizing Data Lakes and Data Warehouses with GCP
Moral Foundations of Politics,Yale University,COURSE,4.8,Intermediate,100k,Moral Foundations of Politics
More Introduction to Financial Accounting,University of Pennsylvania,COURSE,4.9,Intermediate,40k,More Introduction to Financial Accounting
Mountains 101,University of Alberta,COURSE,4.9,Intermediate,44k,Mountains 101
Municipal Solid Waste Management in Developing Countries,École Polytechnique Fédérale de Lausanne,COURSE,4.8,Intermediate,59k,Municipal Solid Waste Management in Developing Countries
Music Business,Berklee College of Music,SPECIALIZATION,4.8,Beginner,42k,Music Business
Music Business Foundations,Berklee College of Music,COURSE,4.9,Intermediate,34k,Music Business Foundations
Music Production,Berklee College of Music,SPECIALIZATION,4.8,Beginner,70k,Music Production
Nanotechnology: A Maker’s Course,Duke University,COURSE,4.8,Intermediate,21k,Nanotechnology A Makers Course
Natural Language Processing in TensorFlow,deeplearning.ai,COURSE,4.6,Intermediate,40k,Natural Language Processing in TensorFlow
Negociación exitosa: Estrategias y habilidades esenciales (en español),University of Michigan,COURSE,4.8,Intermediate,95k,Negociacin exitosa Estrategias y habilidades esenciales en espaol
"Negotiation, Mediation and Conflict Resolution",ESSEC Business School,SPECIALIZATION,4.7,Beginner,22k,Negotiation Mediation and Conflict Resolution
Networking and Security Architecture with VMware NSX,VMware,COURSE,4.8,Intermediate,17k,Networking and Security Architecture with VMware NSX
Networking in Google Cloud,Google Cloud,SPECIALIZATION,4.7,Intermediate,290k,Networking in Google Cloud
Neural Networks and Deep Learning,deeplearning.ai,COURSE,4.9,Intermediate,630k,Neural Networks and Deep Learning
Neurolinguistics,Saint Petersburg State University,COURSE,4.7,Intermediate,41k,Neurolinguistics
New Approaches to Countering Terror: Countering Violent Extremism,"University of Maryland, College Park",COURSE,4.7,Beginner,12k,New Approaches to Countering Terror Countering Violent Extremism
Newborn Baby Care,University of Colorado System,SPECIALIZATION,4.8,Beginner,5.3k,Newborn Baby Care
Nutrición y obesidad: control de sobrepeso,Universidad Nacional Autónoma de México,COURSE,4.8,Beginner,100k,Nutricin y obesidad control de sobrepeso
Nutrition and Lifestyle in Pregnancy,Ludwig-Maximilians-Universität München (LMU),COURSE,4.8,Intermediate,35k,Nutrition and Lifestyle in Pregnancy
Object Oriented Java Programming: Data Structures and Beyond,University of California San Diego,SPECIALIZATION,4.7,Intermediate,250k,Object Oriented Java Programming Data Structures and Beyond
Object Oriented Programming in Java,Duke University,SPECIALIZATION,4.6,Beginner,330k,Object Oriented Programming in Java
Object-Oriented Data Structures in C++,University of Illinois at Urbana-Champaign,COURSE,4.7,Intermediate,21k,ObjectOriented Data Structures in C
Object-Oriented Design,University of Alberta,COURSE,4.7,Intermediate,33k,ObjectOriented Design
Oil & Gas Industry Operations and Markets,Duke University,COURSE,4.8,Intermediate,57k,Oil  Gas Industry Operations and Markets
"Open Source Software Development, Linux and Git",The Linux Foundation,SPECIALIZATION,4.4,Beginner,13k,Open Source Software Development Linux and Git
Operating Systems and You: Becoming a Power User,Google,COURSE,4.6,Beginner,76k,Operating Systems and You Becoming a Power User
Operations Analytics,University of Pennsylvania,COURSE,4.7,Intermediate,80k,Operations Analytics
Optical Engineering,University of Colorado Boulder,SPECIALIZATION,4.2,Advanced,6.2k,Optical Engineering
Organizational Leadership,Northwestern University,SPECIALIZATION,4.7,Intermediate,92k,Organizational Leadership
Osteoarchaeology: The Truth in Our Bones,Universiteit Leiden,COURSE,4.7,Beginner,22k,Osteoarchaeology The Truth in Our Bones
Palliative Care: It's Not Just Hospice Anymore,University of Colorado System,SPECIALIZATION,4.8,Beginner,3.2k,Palliative Care Its Not Just Hospice Anymore
Palo Alto Networks Cybersecurity,Palo Alto Networks,SPECIALIZATION,4.6,Beginner,9.1k,Palo Alto Networks Cybersecurity
"Parallel, Concurrent, and Distributed Programming in Java",Rice University,SPECIALIZATION,4.5,Intermediate,30k,Parallel Concurrent and Distributed Programming in Java
Particle Physics: an Introduction,University of Geneva,COURSE,4.5,Intermediate,42k,Particle Physics an Introduction
Patient Safety,Johns Hopkins University,SPECIALIZATION,4.8,Beginner,8.8k,Patient Safety
Patrocinio Deportivo,Universitat Autònoma de Barcelona,COURSE,4.6,Beginner,12k,Patrocinio Deportivo
People Analytics,University of Pennsylvania,COURSE,4.5,Intermediate,84k,People Analytics
Perfect Tenses and Modals,"University of California, Irvine",COURSE,4.7,Intermediate,79k,Perfect Tenses and Modals
Periodismo digital y combate a las fake news,Universidad Nacional Autónoma de México,COURSE,4.9,Beginner,8.9k,Periodismo digital y combate a las fake news
Photography Basics and Beyond: From Smartphone to DSLR,Michigan State University,SPECIALIZATION,4.7,Beginner,160k,Photography Basics and Beyond From Smartphone to DSLR
Plant Bioinformatic Methods,University of Toronto,SPECIALIZATION,4.7,Beginner,83k,Plant Bioinformatic Methods
Politics and Economics of International Energy,Sciences Po,COURSE,4.7,Beginner,34k,Politics and Economics of International Energy
Positive Psychiatry and Mental Health,The University of Sydney,COURSE,4.8,Intermediate,72k,Positive Psychiatry and Mental Health
Positive Psychology,The University of North Carolina at Chapel Hill,COURSE,4.7,Intermediate,180k,Positive Psychology
Positive Psychology: Applications and Interventions,University of Pennsylvania,COURSE,4.8,Beginner,23k,Positive Psychology Applications and Interventions
Positive Psychology: Martin E. P. Seligman’s Visionary Science,University of Pennsylvania,COURSE,4.8,Beginner,50k,Positive Psychology Martin E P Seligmans Visionary Science
Positive Psychology: Resilience Skills,University of Pennsylvania,COURSE,4.6,Beginner,40k,Positive Psychology Resilience Skills
Power Electronics,University of Colorado Boulder,SPECIALIZATION,4.8,Intermediate,67k,Power Electronics
Practical Data Science with MATLAB,MathWorks,SPECIALIZATION,4.7,Beginner,10k,Practical Data Science with MATLAB
Practical Time Series Analysis,The State University of New York,COURSE,4.6,Intermediate,39k,Practical Time Series Analysis
Preparing for the Google Cloud Associate Cloud Engineer Exam,Google Cloud,COURSE,4.7,Beginner,22k,Preparing for the Google Cloud Associate Cloud Engineer Exam
Preparing to Manage Human Resources,University of Minnesota,COURSE,4.8,Intermediate,68k,Preparing to Manage Human Resources
"Presentation Skills: Speechwriting, Slides and Delivery",E-Learning Development Fund,SPECIALIZATION,4.6,Beginner,47k,Presentation Skills Speechwriting Slides and Delivery
Pricing Strategy Optimization,BCG,SPECIALIZATION,4.8,Beginner,20k,Pricing Strategy Optimization
Primeros Auxilios Psicológicos (PAP),Universitat Autònoma de Barcelona,COURSE,4.8,Intermediate,280k,Primeros Auxilios Psicolgicos PAP
Private Equity and Venture Capital,Università Bocconi,COURSE,4.8,Intermediate,79k,Private Equity and Venture Capital
Probabilistic Graphical Models 1: Representation,Stanford University,COURSE,4.7,Advanced,68k,Probabilistic Graphical Models 1 Representation
Probability and Statistics: To p or not to p?,University of London,COURSE,4.6,Beginner,36k,Probability and Statistics To p or not to p
Process Mining: Data science in Action,Eindhoven University of Technology,COURSE,4.8,Intermediate,39k,Process Mining Data science in Action
"Programming Foundations with JavaScript, HTML and CSS",Duke University,COURSE,4.6,Beginner,250k,Programming Foundations with JavaScript HTML and CSS
Programming Fundamentals,Duke University,COURSE,4.7,Beginner,19k,Programming Fundamentals
Programming for Everybody (Getting Started with Python),University of Michigan,COURSE,4.8,Intermediate,1.3m,Programming for Everybody Getting Started with Python
Programming with Google Go,"University of California, Irvine",SPECIALIZATION,4.6,Intermediate,18k,Programming with Google Go
Project Execution,"University of California, Irvine",COURSE,4.2,Beginner,70k,Project Execution
Project Launch,"University of California, Irvine",COURSE,4.7,Beginner,190k,Project Launch
Project Management & Other Tools for Career Development,"University of California, Irvine",SPECIALIZATION,4.6,Beginner,440k,Project Management  Other Tools for Career Development
Project Management Principles and Practices,"University of California, Irvine",SPECIALIZATION,4.7,Beginner,230k,Project Management Principles and Practices
Psychological First Aid,Johns Hopkins University,COURSE,4.8,Intermediate,190k,Psychological First Aid
Public Policy Challenges of the 21st Century,University of Virginia,COURSE,4.6,Beginner,52k,Public Policy Challenges of the 21st Century
Python Basics,University of Michigan,COURSE,4.8,Beginner,110k,Python Basics
Python Classes and Inheritance,University of Michigan,COURSE,4.7,Intermediate,21k,Python Classes and Inheritance
Python Data Structures,University of Michigan,COURSE,4.9,Intermediate,420k,Python Data Structures
"Python Functions, Files, and Dictionaries",University of Michigan,COURSE,4.8,Beginner,26k,Python Functions Files and Dictionaries
Python and Statistics for Financial Analysis,The Hong Kong University of Science and Technology,COURSE,4.4,Intermediate,41k,Python and Statistics for Financial Analysis
Python for Data Science and AI,IBM,COURSE,4.6,Beginner,170k,Python for Data Science and AI
Python for Everybody,University of Michigan,SPECIALIZATION,4.8,Beginner,1.5m,Python for Everybody
Quantitative Methods,University of Amsterdam,COURSE,4.7,Intermediate,69k,Quantitative Methods
Queering Identities: LGBTQ+ Sexuality and Gender Identity,University of Colorado System,COURSE,4.9,Beginner,3k,Queering Identities LGBTQ Sexuality and Gender Identity
R Programming,Johns Hopkins University,COURSE,4.6,Intermediate,480k,R Programming
"Ready, Set, Future! Introduction to Futures Thinking",Institute for the Future,COURSE,4.8,Beginner,7.7k,Ready Set Future Introduction to Futures Thinking
Recommender Systems,University of Minnesota,SPECIALIZATION,4.3,Intermediate,29k,Recommender Systems
"Recruiting, Hiring, and Onboarding Employees",University of Minnesota,COURSE,4.7,Intermediate,35k,Recruiting Hiring and Onboarding Employees
Reinforcement Learning,University of Alberta,SPECIALIZATION,4.7,Intermediate,23k,Reinforcement Learning
Renewable Energy and Green Building Entrepreneurship,Duke University,COURSE,4.7,Beginner,24k,Renewable Energy and Green Building Entrepreneurship
Reporting extra-financier et stratégie RSE,ESSEC Business School,COURSE,4.7,Beginner,5.2k,Reporting extrafinancier et stratgie RSE
Requirements Engineering: Secure Software  Specifications,University of Colorado System,SPECIALIZATION,4.6,Beginner,7.2k,Requirements Engineering Secure Software  Specifications
Research Data Management and Sharing,The University of Edinburgh,COURSE,4.6,Intermediate,16k,Research Data Management and Sharing
"Resilience in Children Exposed to Trauma, Disaster and War: Global Perspectives",University of Minnesota,COURSE,4.8,Intermediate,15k,Resilience in Children Exposed to Trauma Disaster and War Global Perspectives
Responsive Website Development and Design,"Goldsmiths, University of London",SPECIALIZATION,4.5,Beginner,170k,Responsive Website Development and Design
Rethinking International Tax Law,Universiteit Leiden,COURSE,4.9,Intermediate,36k,Rethinking International Tax Law
Revisão Sistemática e Meta-análise,Universidade Estadual de Campinas,COURSE,4.9,Intermediate,17k,Reviso Sistemtica e Metaanlise
Robotics,University of Pennsylvania,SPECIALIZATION,4.4,Beginner,120k,Robotics
Roman Architecture,Yale University,COURSE,4.9,Beginner,30k,Roman Architecture
Russian Alphabet,Saint Petersburg State University,COURSE,4.7,Beginner,3.2k,Russian Alphabet
Russian for beginners А1. Русский язык: A1,Saint Petersburg State University,SPECIALIZATION,4.7,Beginner,7k,Russian for beginners 1   A1
Réussir le Changement,ESSEC Business School,COURSE,4.5,Intermediate,33k,Russir le Changement
SAS Programmer,SAS,PROFESSIONAL CERTIFICATE,4.8,Beginner,370k,SAS Programmer
SAS Visual Business Analytics,SAS,PROFESSIONAL CERTIFICATE,4.6,Beginner,2.6k,SAS Visual Business Analytics
SQL for Data Science,"University of California, Davis",COURSE,4.6,Beginner,160k,SQL for Data Science
Sales Operations/Management,West Virginia University,SPECIALIZATION,4.4,Beginner,5.6k,Sales OperationsManagement
Sales Training for High Performing Teams,HubSpot Academy,SPECIALIZATION,4.7,Beginner,16k,Sales Training for High Performing Teams
Sample-based Learning Methods,University of Alberta,COURSE,4.8,Intermediate,6.8k,Samplebased Learning Methods
Scaling Operations: Linking Strategy and Execution,Northwestern University,COURSE,4.5,Intermediate,12k,Scaling Operations Linking Strategy and Execution
School Health for Children and Adolescents,University of Colorado System,SPECIALIZATION,4.8,Beginner,9.1k,School Health for Children and Adolescents
Science of Exercise,University of Colorado Boulder,COURSE,4.8,Beginner,140k,Science of Exercise
Search Engine Optimization Fundamentals,"University of California, Davis",COURSE,4.7,Intermediate,47k,Search Engine Optimization Fundamentals
Secure Coding Practices,"University of California, Davis",SPECIALIZATION,4.4,Intermediate,6.4k,Secure Coding Practices
Security & Safety Challenges in a Globalized World,Universiteit Leiden,COURSE,4.7,Beginner,14k,Security  Safety Challenges in a Globalized World
Security in Google Cloud Platform,Google Cloud,SPECIALIZATION,4.7,Intermediate,300k,Security in Google Cloud Platform
Self-Driving Cars,University of Toronto,SPECIALIZATION,4.7,Advanced,39k,SelfDriving Cars
Sequence Models,deeplearning.ai,COURSE,4.8,Intermediate,14k,Sequence Models
Sexualidad...mucho más que sexo,Universidad de los Andes,COURSE,4.8,Beginner,110k,Sexualidadmucho ms que sexo
Sharpened Visions: A Poetry Workshop,California Institute of the Arts,COURSE,4.7,Beginner,61k,Sharpened Visions A Poetry Workshop
Site Reliability Engineering: Measuring and Managing Reliability,Google Cloud,COURSE,4.5,Advanced,16k,Site Reliability Engineering Measuring and Managing Reliability
Six Sigma Green Belt,University System of Georgia,SPECIALIZATION,4.7,Intermediate,18k,Six Sigma Green Belt
Six Sigma and the Organization (Advanced),University System of Georgia,COURSE,4.7,Intermediate,15k,Six Sigma and the Organization Advanced
"Sleep: Neurobiology, Medicine, and Society",University of Michigan,COURSE,4.8,Beginner,20k,Sleep Neurobiology Medicine and Society
Smart Cities – Management of Smart Urban Infrastructures,École Polytechnique Fédérale de Lausanne,COURSE,4.6,Beginner,22k,Smart Cities  Management of Smart Urban Infrastructures
Social Entrepreneurship,Copenhagen Business School,SPECIALIZATION,4.6,Beginner,13k,Social Entrepreneurship
Social Media Marketing,Northwestern University,SPECIALIZATION,4.6,Beginner,130k,Social Media Marketing
"Social Norms, Social Change I",University of Pennsylvania,COURSE,4.6,Beginner,78k,Social Norms Social Change I
Social Policy for Social Services & Health Practitioners,Columbia University,SPECIALIZATION,4.8,Beginner,4.2k,Social Policy for Social Services  Health Practitioners
Social Psychology,Wesleyan University,COURSE,4.7,Beginner,220k,Social Psychology
Social and Economic Networks:  Models and Analysis,Stanford University,COURSE,4.8,Advanced,42k,Social and Economic Networks  Models and Analysis
Software Design and Architecture,University of Alberta,SPECIALIZATION,4.6,Beginner,60k,Software Design and Architecture
Software Development Lifecycle,University of Minnesota,SPECIALIZATION,4.6,Intermediate,34k,Software Development Lifecycle
Software Processes and Agile Practices,University of Alberta,COURSE,4.7,Intermediate,60k,Software Processes and Agile Practices
Software Product Management,University of Alberta,SPECIALIZATION,4.6,Beginner,110k,Software Product Management
Solar Energy Basics,The State University of New York,COURSE,4.8,Beginner,17k,Solar Energy Basics
Songwriting: Writing the Lyrics,Berklee College of Music,COURSE,4.8,Beginner,68k,Songwriting Writing the Lyrics
Soporte de Tecnologías de la Información de Google,Crece con Google,PROFESSIONAL CERTIFICATE,4.9,Beginner,8.8k,Soporte de Tecnologas de la Informacin de Google
Spacecraft Dynamics and Control,University of Colorado Boulder,SPECIALIZATION,4.8,Advanced,12k,Spacecraft Dynamics and Control
Spanish Vocabulary: Meeting People,"University of California, Davis",COURSE,4.6,Beginner,71k,Spanish Vocabulary Meeting People
"Speak English Professionally: In Person, Online & On the Phone",Georgia Institute of Technology,COURSE,4.6,Intermediate,430k,Speak English Professionally In Person Online  On the Phone
Sports Marketing,Northwestern University,COURSE,4.7,Intermediate,12k,Sports Marketing
Sports and Society,Duke University,COURSE,4.8,Intermediate,16k,Sports and Society
Stanford Introduction to Food and Health,Stanford University,COURSE,4.7,Beginner,370k,Stanford Introduction to Food and Health
Stanford's Short Course on Breastfeeding,Stanford University,COURSE,4.7,Beginner,17k,Stanfords Short Course on Breastfeeding
Statistical Analysis with R for Public Health,Imperial College London,SPECIALIZATION,4.7,Beginner,16k,Statistical Analysis with R for Public Health
Statistics with Python,University of Michigan,SPECIALIZATION,4.6,Beginner,34k,Statistics with Python
Statistics with R,Duke University,SPECIALIZATION,4.7,Beginner,220k,Statistics with R
Stories of Infection,Stanford University,COURSE,4.9,Intermediate,28k,Stories of Infection
Strategic Business Analytics,ESSEC Business School,SPECIALIZATION,4.3,Advanced,60k,Strategic Business Analytics
Strategic Business Management - Microeconomics,"University of California, Irvine",COURSE,4.7,Beginner,9.5k,Strategic Business Management  Microeconomics
Strategic Leadership and Management,University of Illinois at Urbana-Champaign,SPECIALIZATION,4.7,Beginner,100k,Strategic Leadership and Management
Strategic Management,Copenhagen Business School,COURSE,4.7,Intermediate,58k,Strategic Management
Strategic Management and Innovation,Copenhagen Business School,SPECIALIZATION,4.7,Beginner,68k,Strategic Management and Innovation
Strategic Sales Management,Fundação Instituto de Administração,SPECIALIZATION,4.5,Intermediate,9.2k,Strategic Sales Management
Strategising: Management for Global Competitive Advantage,Macquarie University,SPECIALIZATION,4.8,Intermediate,30k,Strategising Management for Global Competitive Advantage
Strategy and Sustainability,IESE Business School,COURSE,4.6,Beginner,11k,Strategy and Sustainability
Structuring Machine Learning Projects,deeplearning.ai,COURSE,4.8,Beginner,220k,Structuring Machine Learning Projects
Success,University of Pennsylvania,COURSE,4.8,Beginner,38k,Success
Successful Negotiation: Essential Strategies and Skills,University of Michigan,COURSE,4.8,Intermediate,750k,Successful Negotiation Essential Strategies and Skills
Summary Statistics in Public Health,Johns Hopkins University,COURSE,4.8,Beginner,11k,Summary Statistics in Public Health
Supply Chain Analytics,Rutgers the State University of New Jersey,COURSE,4.7,Beginner,7.9k,Supply Chain Analytics
Supply Chain Finance and Blockchain Technology,New York Institute of Finance,SPECIALIZATION,4.6,Intermediate,4.9k,Supply Chain Finance and Blockchain Technology
Supply Chain Logistics,Rutgers the State University of New Jersey,COURSE,4.7,Beginner,66k,Supply Chain Logistics
Supply Chain Management,Rutgers the State University of New Jersey,SPECIALIZATION,4.7,Beginner,82k,Supply Chain Management
Supply Chain Operations,Rutgers the State University of New Jersey,COURSE,4.8,Beginner,24k,Supply Chain Operations
Supply Chain Principles,Georgia Institute of Technology,COURSE,4.6,Intermediate,29k,Supply Chain Principles
Supporting children with difficulties in reading and writing,UCL Institute of Education,COURSE,4.8,Intermediate,50k,Supporting children with difficulties in reading and writing
Survey Data Collection and Analytics,"University of Maryland, College Park",SPECIALIZATION,4.3,Beginner,45k,Survey Data Collection and Analytics
Sustainable Tourism – promoting environmental public health,University of Copenhagen,COURSE,4.6,Beginner,9.4k,Sustainable Tourism  promoting environmental public health
Swift 5 iOS Application Developer,LearnQuest,SPECIALIZATION,4.5,Beginner,3.9k,Swift 5 iOS Application Developer
System Administration and IT Infrastructure Services,Google,COURSE,4.7,Beginner,62k,System Administration and IT Infrastructure Services
Systems Biology and Biotechnology,Icahn School of Medicine at Mount Sinai,SPECIALIZATION,4.4,Intermediate,48k,Systems Biology and Biotechnology
Systems Thinking In Public Health,Johns Hopkins University,COURSE,4.9,Intermediate,33k,Systems Thinking In Public Health
"TESOL Certificate, Part 1: Teach English Now!",Arizona State University,SPECIALIZATION,4.9,Beginner,100k,TESOL Certificate Part 1 Teach English Now
"TESOL Certificate, Part 2: Teach English Now!",Arizona State University,SPECIALIZATION,4.9,Beginner,62k,TESOL Certificate Part 2 Teach English Now
Teach English Now! Foundational Principles,Arizona State University,COURSE,4.9,Intermediate,81k,Teach English Now Foundational Principles
Teach English Now! Teaching Language Online,Arizona State University,COURSE,4.4,Intermediate,8.5k,Teach English Now Teaching Language Online
Teaching Character and Creating Positive Classrooms,Relay Graduate School of Education,COURSE,4.8,Intermediate,53k,Teaching Character and Creating Positive Classrooms
Teamwork Skills: Communicating Effectively in Groups,University of Colorado Boulder,COURSE,4.8,Beginner,49k,Teamwork Skills Communicating Effectively in Groups
Technical Support Fundamentals,Google,COURSE,4.8,Beginner,280k,Technical Support Fundamentals
TensorFlow in Practice,deeplearning.ai,SPECIALIZATION,4.7,Intermediate,170k,TensorFlow in Practice
TensorFlow: Data and Deployment,deeplearning.ai,SPECIALIZATION,4.5,Intermediate,12k,TensorFlow Data and Deployment
Terrorism and Counterterrorism: Comparing Theory and Practice,Universiteit Leiden,COURSE,4.8,Beginner,90k,Terrorism and Counterterrorism Comparing Theory and Practice
The Addicted Brain,Emory University,COURSE,4.6,Beginner,130k,The Addicted Brain
The Art of Music Production,Berklee College of Music,COURSE,4.8,Intermediate,47k,The Art of Music Production
The Art of Sales: Mastering the Selling Process,Northwestern University,SPECIALIZATION,4.7,Beginner,23k,The Art of Sales Mastering the Selling Process
The Arts and Science of Relationships: Understanding Human Needs,University of Toronto,COURSE,4.5,Beginner,73k,The Arts and Science of Relationships Understanding Human Needs
The Bits and Bytes of Computer Networking,Google,COURSE,4.7,Beginner,130k,The Bits and Bytes of Computer Networking
The Business of Health Care,University of Pennsylvania,SPECIALIZATION,4.6,Beginner,22k,The Business of Health Care
The Business of Music Production,Berklee College of Music,SPECIALIZATION,4.8,Beginner,84k,The Business of Music Production
The Changing Global Order,Universiteit Leiden,COURSE,4.7,Intermediate,23k,The Changing Global Order
The Cycle: Management of Successful Arts and Cultural Organizations,"University of Maryland, College Park",COURSE,4.8,Beginner,11k,The Cycle Management of Successful Arts and Cultural Organizations
The DIY Musician,Berklee College of Music,SPECIALIZATION,4.8,Beginner,120k,The DIY Musician
The Data Scientist’s Toolbox,Johns Hopkins University,COURSE,4.6,Intermediate,420k,The Data Scientists Toolbox
The Economics of Health Care Delivery,University of Pennsylvania,COURSE,4.8,Intermediate,7.2k,The Economics of Health Care Delivery
The Global Financial Crisis,Yale University,COURSE,4.8,Intermediate,84k,The Global Financial Crisis
The Horse Course: Introduction to Basic Care and Management,University of Florida,COURSE,4.9,Intermediate,29k,The Horse Course Introduction to Basic Care and Management
The Manager's Toolkit: A Practical Guide to Managing People at Work,"Birkbeck, University of London",COURSE,4.6,Intermediate,47k,The Managers Toolkit A Practical Guide to Managing People at Work
"The Modern World, Part One: Global History from 1760 to 1910",University of Virginia,COURSE,4.8,Beginner,130k,The Modern World Part One Global History from 1760 to 1910
"The Modern World, Part Two: Global History since 1910",University of Virginia,COURSE,4.8,Beginner,47k,The Modern World Part Two Global History since 1910
The Oral Cavity: Portal to Health and Disease,University of Pennsylvania,COURSE,4.9,Intermediate,9.4k,The Oral Cavity Portal to Health and Disease
The Power of Macroeconomics: Economic Principles in the Real World,"University of California, Irvine",COURSE,4.6,Intermediate,180k,The Power of Macroeconomics Economic Principles in the Real World
The Power of Microeconomics: Economic Principles in the Real World,"University of California, Irvine",COURSE,4.7,Intermediate,120k,The Power of Microeconomics Economic Principles in the Real World
The Pronunciation of American English,"University of California, Irvine",SPECIALIZATION,4.6,Beginner,1.7k,The Pronunciation of American English
The Science of Gastronomy,The Hong Kong University of Science and Technology,COURSE,4.6,Intermediate,50k,The Science of Gastronomy
The Science of Stem Cells,American Museum of Natural History,COURSE,4.7,Intermediate,12k,The Science of Stem Cells
The Science of Success: What Researchers Know that You Should Know,University of Michigan,COURSE,4.8,Beginner,59k,The Science of Success What Researchers Know that You Should Know
The Science of Training Young Athletes,University of Florida,COURSE,4.9,Beginner,13k,The Science of Training Young Athletes
The Science of Well-Being,Yale University,COURSE,4.9,Intermediate,2.5m,The Science of WellBeing
The Singer Songwriter,Berklee College of Music,SPECIALIZATION,4.8,Beginner,320k,The Singer Songwriter
The Social Context of Mental Health and Illness,University of Toronto,COURSE,4.6,Intermediate,19k,The Social Context of Mental Health and Illness
The Strategy of Content Marketing,"University of California, Davis",COURSE,4.5,Intermediate,100k,The Strategy of Content Marketing
"The Sustainable Development Goals – A global, transdisciplinary vision for the future",University of Copenhagen,COURSE,4.8,Beginner,26k,The Sustainable Development Goals  A global transdisciplinary vision for the future
The Teacher and Social and Emotional Learning (SEL),University of Colorado Boulder,SPECIALIZATION,4.7,Beginner,5.2k,The Teacher and Social and Emotional Learning SEL
The Technology of Music Production,Berklee College of Music,COURSE,4.8,Beginner,28k,The Technology of Music Production
The Truth About Cats and Dogs,The University of Edinburgh,COURSE,4.7,Intermediate,33k,The Truth About Cats and Dogs
The hidden value – Lean in manufacturing and services,École des Ponts ParisTech,COURSE,4.7,Beginner,14k,The hidden value  Lean in manufacturing and services
Think Again I: How to Understand Arguments,Duke University,COURSE,4.6,Beginner,200k,Think Again I How to Understand Arguments
Tools for Data Science,IBM,COURSE,4.6,Beginner,120k,Tools for Data Science
Trading Strategies in Emerging Markets,Indian School of Business,SPECIALIZATION,4.3,Beginner,68k,Trading Strategies in Emerging Markets
"Transmedia Storytelling: Narrative worlds, emerging technologies, and global audiences",UNSW Sydney (The University of New South Wales),COURSE,4.8,Intermediate,45k,Transmedia Storytelling Narrative worlds emerging technologies and global audiences
Tricky American English Pronunciation,"University of California, Irvine",COURSE,4.7,Beginner,110k,Tricky American English Pronunciation
Troubles du spectre de l'autisme : diagnostic,University of Geneva,COURSE,4.9,Intermediate,5.4k,Troubles du spectre de lautisme  diagnostic
U.S. Federal Taxation,University of Illinois at Urbana-Champaign,SPECIALIZATION,4.8,Intermediate,12k,US Federal Taxation
UCI Project Management,"University of California, Irvine",PROFESSIONAL CERTIFICATE,4.6,Beginner,44k,UCI Project Management
UI / UX Design,California Institute of the Arts,SPECIALIZATION,4.7,Beginner,68k,UI  UX Design
UX Design Fundamentals,California Institute of the Arts,COURSE,4.8,Beginner,25k,UX Design Fundamentals
Understanding Cancer Metastasis,Johns Hopkins University,COURSE,4.8,Beginner,29k,Understanding Cancer Metastasis
Understanding Clinical Research: Behind the Statistics,University of Cape Town,COURSE,4.8,Intermediate,78k,Understanding Clinical Research Behind the Statistics
Understanding Einstein: The Special Theory of Relativity,Stanford University,COURSE,4.9,Beginner,89k,Understanding Einstein The Special Theory of Relativity
Understanding Medical Research: Your Facebook Friend is Wrong,Yale University,COURSE,4.8,Beginner,24k,Understanding Medical Research Your Facebook Friend is Wrong
Understanding Modern Finance,American Institute of Business and Economics,SPECIALIZATION,4.4,Intermediate,11k,Understanding Modern Finance
Understanding Plants - Part I: What a Plant Knows,Tel Aviv University,COURSE,4.8,Beginner,49k,Understanding Plants  Part I What a Plant Knows
Understanding Research Methods,SOAS University of London,COURSE,4.5,Intermediate,120k,Understanding Research Methods
Understanding and Visualizing Data with Python,University of Michigan,COURSE,4.7,Beginner,30k,Understanding and Visualizing Data with Python
Understanding the Brain: The Neurobiology of Everyday Life,The University of Chicago,COURSE,4.9,Beginner,130k,Understanding the Brain The Neurobiology of Everyday Life
Unity Certified Programmer Exam Preparation,Unity,SPECIALIZATION,4.5,Intermediate,6.1k,Unity Certified Programmer Exam Preparation
Unity XR: How to Build AR and VR Apps,Unity,SPECIALIZATION,4.2,Beginner,12k,Unity XR How to Build AR and VR Apps
University Teaching,The University of Hong Kong,COURSE,4.8,Beginner,9.5k,University Teaching
Unraveling the Cycling City,University of Amsterdam,COURSE,4.9,Intermediate,3.9k,Unraveling the Cycling City
User Experience Research and Design,University of Michigan,SPECIALIZATION,4.8,Beginner,23k,User Experience Research and Design
User Interface Design,University of Minnesota,SPECIALIZATION,4.6,Intermediate,43k,User Interface Design
Using Databases with Python,University of Michigan,COURSE,4.8,Intermediate,220k,Using Databases with Python
Using Python to Access Web Data,University of Michigan,COURSE,4.8,Intermediate,310k,Using Python to Access Web Data
Using Python to Interact with the Operating System,Google,COURSE,4.7,Beginner,19k,Using Python to Interact with the Operating System
Value Chain Management,University of Illinois at Urbana-Champaign,SPECIALIZATION,4.7,Intermediate,63k,Value Chain Management
Version Control with Git,Atlassian,COURSE,4.8,Intermediate,40k,Version Control with Git
Viral Marketing and How to Craft Contagious Content,University of Pennsylvania,COURSE,4.7,Intermediate,150k,Viral Marketing and How to Craft Contagious Content
Virtual Reality,"Goldsmiths, University of London",SPECIALIZATION,4.7,Beginner,37k,Virtual Reality
Virtual Teacher,"University of California, Irvine",SPECIALIZATION,4.3,Beginner,23k,Virtual Teacher
Vital Signs: Understanding What the Body Is Telling Us,University of Pennsylvania,COURSE,4.8,Intermediate,190k,Vital Signs Understanding What the Body Is Telling Us
Web Applications for Everybody,University of Michigan,SPECIALIZATION,4.8,Intermediate,120k,Web Applications for Everybody
Web Design for Everybody: Basics of Web Development & Coding,University of Michigan,SPECIALIZATION,4.7,Beginner,280k,Web Design for Everybody Basics of Web Development  Coding
Weight Management: Beyond Balancing Calories,Emory University,COURSE,4.7,Beginner,34k,Weight Management Beyond Balancing Calories
What Is Contemporary Art?,The Museum of Modern Art,COURSE,4.7,Beginner,120k,What Is Contemporary Art
What future for education?,UCL Institute of Education,COURSE,4.7,Intermediate,35k,What future for education
What is Compliance?,University of Pennsylvania,COURSE,4.8,Intermediate,6.2k,What is Compliance
What is Data Science?,IBM,COURSE,4.7,Beginner,260k,What is Data Science
What is Social?,Northwestern University,COURSE,4.6,Intermediate,94k,What is Social
Wine Tasting: Sensory Techniques for Wine Analysis,"University of California, Davis",COURSE,4.7,Beginner,32k,Wine Tasting Sensory Techniques for Wine Analysis
Wonders of Ancient Egypt,University of Pennsylvania,COURSE,4.8,Intermediate,17k,Wonders of Ancient Egypt
Write A Feature Length Screenplay For Film Or Television,Michigan State University,COURSE,4.9,Beginner,12k,Write A Feature Length Screenplay For Film Or Television
Write Professional Emails in English,Georgia Institute of Technology,COURSE,4.7,Intermediate,270k,Write Professional Emails in English
Write Your First Novel,Michigan State University,COURSE,4.4,Beginner,18k,Write Your First Novel
Writing in the Sciences,Stanford University,COURSE,4.9,Beginner,140k,Writing in the Sciences
e-Learning Ecologies: Innovative Approaches to Teaching and Learning for the Digital Age,University of Illinois at Urbana-Champaign,COURSE,4.5,Intermediate,17k,eLearning Ecologies Innovative Approaches to Teaching and Learning for the Digital Age
iOS App Development with Swift,University of Toronto,SPECIALIZATION,3.9,Intermediate,76k,iOS App Development with Swift
¿Qué hacen los buenos directivos? Prioridades de la Alta Dirección,IESE Business School,COURSE,4.7,Beginner,25k,Qu hacen los buenos directivos Prioridades de la Alta Direccin
Étudier en France: French Intermediate course B1-B2,École Polytechnique,COURSE,4.8,Intermediate,190k,tudier en France French Intermediate course B1B2
Éxito Profesional,"University of California, Irvine",SPECIALIZATION,4.5,Beginner,69k,xito Profesional
Искусство ведения бизнеса,Saint Petersburg State University,SPECIALIZATION,4.6,Beginner,14k,  
Искусство разработки на современном C++,E-Learning Development Fund,SPECIALIZATION,4.9,Intermediate,68k,    C
Корпоративные финансы и стоимость компании,National Research University Higher School of Economics,SPECIALIZATION,4.5,Beginner,16k,    
Математика и Python для анализа данных,E-Learning Development Fund,COURSE,4.8,Beginner,67k,  Python   
Машинное обучение и анализ данных,E-Learning Development Fund,SPECIALIZATION,4.7,Intermediate,77k,    
Основы Digital Маркетинга,National Research University Higher School of Economics,SPECIALIZATION,4.5,Intermediate,19k, Digital 
Основы программирования на Python,National Research University Higher School of Economics,COURSE,4.6,Beginner,83k,   Python
Основы разработки на C++: белый пояс,E-Learning Development Fund,COURSE,4.9,Intermediate,41k,   C  
Погружение в Python,Moscow Institute of Physics and Technology,COURSE,4.7,Intermediate,45k,  Python
Программирование на Python,Mail.Ru Group,SPECIALIZATION,4.5,Intermediate,52k,  Python
Психолингвистика (Psycholinguistics),Saint Petersburg State University,COURSE,4.8,Intermediate,21k, Psycholinguistics
Разработка интерфейсов: вёрстка и JavaScript,E-Learning Development Fund,SPECIALIZATION,4.5,Intermediate,30k,    JavaScript
Русский как иностранный,Saint Petersburg State University,SPECIALIZATION,4.6,Intermediate,9.8k,  
Финансовые инструменты для частного инвестора,National Research University Higher School of Economics,SPECIALIZATION,4.7,Beginner,38k,    
