student_id,profile,weak_topic,level,recommended_course
STU_0001,Student is interested in Python. Completed course on Machine Learning with score 55%. Current level is Beginner. Needs improvement in Computer Vision.,Computer Vision,Beginner,Cloud Engineering with Google Cloud
STU_0002,Student is interested in Python. Completed course on SQL with score 77%. Current level is Intermediate. Needs improvement in Python.,Python,Intermediate,Age of Cathedrals
STU_0003,Student is interested in Machine Learning. Completed course on Python with score 54%. Current level is Advanced. Needs improvement in NLP.,NLP,Advanced,Music Production
STU_0004,Student is interested in Machine Learning. Completed course on SQL with score 85%. Current level is Advanced. Needs improvement in NLP.,NLP,Advanced,Security in Google Cloud Platform
STU_0005,Student is interested in SQL. Completed course on Web Development with score 68%. Current level is Advanced. Needs improvement in NLP.,NLP,Advanced,Essentials of Corporate Finance
STU_0006,Student is interested in Machine Learning. Completed course on Data Science with score 61%. Current level is Intermediate. Needs improvement in Web Development.,Web Development,Intermediate,Content Strategy for Professionals
STU_0007,Student is interested in NLP. Completed course on Cloud with score 45%. Current level is Intermediate. Needs improvement in Python.,Python,Intermediate,Brand Management Aligning Business Brand and Behaviour
STU_0008,Student is interested in Cloud. Completed course on Cloud with score 91%. Current level is Beginner. Needs improvement in Computer Vision.,Computer Vision,Beginner,Stanfords Short Course on Breastfeeding
STU_0009,Student is interested in Cybersecurity. Completed course on SQL with score 64%. Current level is Beginner. Needs improvement in Python.,Python,Beginner,Machine Learning for All
STU_0010,Student is interested in Computer Vision. Completed course on Cloud with score 85%. Current level is Beginner. Needs improvement in NLP.,NLP,Beginner,Anatomy of the Chest Abdomen and Pelvis
STU_0011,Student is interested in NLP. Completed course on Computer Vision with score 94%. Current level is Beginner. Needs improvement in Python.,Python,Beginner,    
STU_0012,Student is interested in Python. Completed course on Web Development with score 69%. Current level is Advanced. Needs improvement in Computer Vision.,Computer Vision,Advanced,Vital Signs Understanding What the Body Is Telling Us
STU_0013,Student is interested in Cloud. Completed course on Data Science with score 62%. Current level is Beginner. Needs improvement in Cloud.,Cloud,Beginner,Quantitative Methods
STU_0014,Student is interested in Computer Vision. Completed course on Python with score 74%. Current level is Advanced. Needs improvement in Data Science.,Data Science,Advanced,El Abogado del Futuro Legaltech y la Transformacin Digital del Derecho
STU_0015,Student is interested in Data Science. Completed course on Cybersecurity with score 57%. Current level is Advanced. Needs improvement in Web Development.,Web Development,Advanced,Russian for beginners 1   A1
STU_0016,Student is interested in SQL. Completed course on NLP with score 93%. Current level is Beginner. Needs improvement in Cloud.,Cloud,Beginner,Discrete Optimization
STU_0017,Student is interested in Machine Learning. Completed course on Cloud with score 57%. Current level is Beginner. Needs improvement in Web Development.,Web Development,Beginner,Design Thinking for the Greater Good Innovation in the Social Sector
STU_0018,Student is interested in Cloud. Completed course on NLP with score 65%. Current level is Advanced. Needs improvement in Cybersecurity.,Cybersecurity,Advanced,Introduction to Big Data
STU_0019,Student is interested in Data Science. Completed course on Computer Vision with score 55%. Current level is Advanced. Needs improvement in Data Science.,Data Science,Advanced,Managerial Economics and Business Analysis
STU_0020,Student is interested in SQL. Completed course on Computer Vision with score 77%. Current level is Intermediate. Needs improvement in Web Development.,Web Development,Intermediate,Geopoltica y gobernanza global riesgos y oportunidades
STU_0021,Student is interested in NLP. Completed course on Data Science with score 71%. Current level is Beginner. Needs improvement in SQL.,SQL,Beginner,Swift 5 iOS Application Developer
STU_0022,Student is interested in Machine Learning. Completed course on Python with score 80%. Current level is Beginner. Needs improvement in Data Science.,Data Science,Beginner,The Science of Training Young Athletes
STU_0023,Student is interested in Web Development. Completed course on Python with score 64%. Current level is Advanced. Needs improvement in Web Development.,Web Development,Advanced,Introduction to Computer Science and Programming
STU_0024,Student is interested in SQL. Completed course on Computer Vision with score 95%. Current level is Beginner. Needs improvement in SQL.,SQL,Beginner,Research Data Management and Sharing
STU_0025,Student is interested in Python. Completed course on SQL with score 89%. Current level is Advanced. Needs improvement in Computer Vision.,Computer Vision,Advanced,Fundamentals of Immunology Innate Immunity and BCell Function
STU_0026,Student is interested in Python. Completed course on Computer Vision with score 50%. Current level is Intermediate. Needs improvement in Web Development.,Web Development,Intermediate,A Law Students Toolkit
STU_0027,Student is interested in Computer Vision. Completed course on SQL with score 72%. Current level is Beginner. Needs improvement in Data Science.,Data Science,Beginner,Palliative Care Its Not Just Hospice Anymore
STU_0028,Student is interested in Computer Vision. Completed course on SQL with score 49%. Current level is Intermediate. Needs improvement in NLP.,NLP,Intermediate,Teach English Now Teaching Language Online
STU_0029,Student is interested in Data Science. Completed course on SQL with score 40%. Current level is Advanced. Needs improvement in SQL.,SQL,Advanced,Foundations of Positive Psychology
STU_0030,Student is interested in Cybersecurity. Completed course on Machine Learning with score 63%. Current level is Intermediate. Needs improvement in Python.,Python,Intermediate,Econometrics Methods and Applications
STU_0031,Student is interested in Machine Learning. Completed course on NLP with score 45%. Current level is Advanced. Needs improvement in Python.,Python,Advanced,Introduction to Genomic Technologies
STU_0032,Student is interested in Python. Completed course on SQL with score 48%. Current level is Advanced. Needs improvement in Data Science.,Data Science,Advanced,Introduction to Data Science in Python
STU_0033,Student is interested in SQL. Completed course on Data Science with score 73%. Current level is Advanced. Needs improvement in Computer Vision.,Computer Vision,Advanced,Influencing Storytelling Change Management and Governance
STU_0034,Student is interested in NLP. Completed course on SQL with score 85%. Current level is Intermediate. Needs improvement in NLP.,NLP,Intermediate,High Performance Collaboration Leadership Teamwork and Negotiation
STU_0035,Student is interested in Cloud. Completed course on Cybersecurity with score 68%. Current level is Beginner. Needs improvement in SQL.,SQL,Beginner,Electronic Music Production
STU_0036,Student is interested in NLP. Completed course on Python with score 41%. Current level is Advanced. Needs improvement in Cloud.,Cloud,Advanced,Machine Learning for Trading
STU_0037,Student is interested in NLP. Completed course on NLP with score 44%. Current level is Advanced. Needs improvement in Machine Learning.,Machine Learning,Advanced,People Analytics
STU_0038,Student is interested in Machine Learning. Completed course on NLP with score 42%. Current level is Intermediate. Needs improvement in Python.,Python,Intermediate,Atencin Primaria en Salud El desafo de las Enfermedades no Transmisibles
STU_0039,Student is interested in SQL. Completed course on NLP with score 82%. Current level is Intermediate. Needs improvement in Computer Vision.,Computer Vision,Intermediate,DesignLed Strategy Design thinking for business strategy and entrepreneurship
STU_0040,Student is interested in SQL. Completed course on Data Science with score 55%. Current level is Intermediate. Needs improvement in Cybersecurity.,Cybersecurity,Intermediate,Troubles du spectre de lautisme  diagnostic
STU_0041,Student is interested in Web Development. Completed course on NLP with score 46%. Current level is Advanced. Needs improvement in Python.,Python,Advanced,Inspirational Leadership Leading with Sense
STU_0042,Student is interested in Cloud. Completed course on Web Development with score 69%. Current level is Advanced. Needs improvement in Web Development.,Web Development,Advanced,Applied Data Science Capstone
STU_0043,Student is interested in Python. Completed course on Machine Learning with score 86%. Current level is Intermediate. Needs improvement in Web Development.,Web Development,Intermediate,The Truth About Cats and Dogs
STU_0044,Student is interested in Python. Completed course on NLP with score 52%. Current level is Advanced. Needs improvement in NLP.,NLP,Advanced,International Womens Health and Human Rights
STU_0045,Student is interested in Data Science. Completed course on Web Development with score 57%. Current level is Intermediate. Needs improvement in Data Science.,Data Science,Intermediate,Energy Production Distribution  Safety
STU_0046,Student is interested in Python. Completed course on Cybersecurity with score 46%. Current level is Beginner. Needs improvement in SQL.,SQL,Beginner,Probability and Statistics To p or not to p
STU_0047,Student is interested in SQL. Completed course on Machine Learning with score 88%. Current level is Beginner. Needs improvement in Python.,Python,Beginner,Costos para los Negocios
STU_0048,Student is interested in Web Development. Completed course on Cybersecurity with score 53%. Current level is Intermediate. Needs improvement in Cybersecurity.,Cybersecurity,Intermediate,Aprender
STU_0049,Student is interested in Data Science. Completed course on Web Development with score 64%. Current level is Intermediate. Needs improvement in Machine Learning.,Machine Learning,Intermediate,The Modern World Part One Global History from 1760 to 1910
STU_0050,Student is interested in Cybersecurity. Completed course on Computer Vision with score 84%. Current level is Advanced. Needs improvement in Web Development.,Web Development,Advanced,The Modern World Part One Global History from 1760 to 1910
STU_0051,Student is interested in SQL. Completed course on Cybersecurity with score 52%. Current level is Intermediate. Needs improvement in Data Science.,Data Science,Intermediate,Developing Applications with Google Cloud Platform 
STU_0052,Student is interested in Machine Learning. Completed course on SQL with score 87%. Current level is Intermediate. Needs improvement in Machine Learning.,Machine Learning,Intermediate,Applied Plotting Charting  Data Representation in Python
STU_0053,Student is interested in Machine Learning. Completed course on Cybersecurity with score 94%. Current level is Advanced. Needs improvement in SQL.,SQL,Advanced,Control of Mobile Robots
STU_0054,Student is interested in Machine Learning. Completed course on SQL with score 94%. Current level is Beginner. Needs improvement in Python.,Python,Beginner,Aspectos bsicos de la planificacin y la gestin de proyectos
STU_0055,Student is interested in Python. Completed course on NLP with score 47%. Current level is Advanced. Needs improvement in Web Development.,Web Development,Advanced,Electric Industry Operations and Markets
STU_0056,Student is interested in Machine Learning. Completed course on Python with score 82%. Current level is Advanced. Needs improvement in Web Development.,Web Development,Advanced,Managing Your Health The Role of Physical Therapy and Exercise
STU_0057,Student is interested in SQL. Completed course on Cloud with score 53%. Current level is Advanced. Needs improvement in Computer Vision.,Computer Vision,Advanced,Social and Economic Networks  Models and Analysis
STU_0058,Student is interested in Cloud. Completed course on NLP with score 65%. Current level is Beginner. Needs improvement in Computer Vision.,Computer Vision,Beginner,Queering Identities LGBTQ Sexuality and Gender Identity
STU_0059,Student is interested in Computer Vision. Completed course on Cybersecurity with score 88%. Current level is Beginner. Needs improvement in Cloud.,Cloud,Beginner,AI for Medical Diagnosis
STU_0060,Student is interested in Cybersecurity. Completed course on Python with score 74%. Current level is Beginner. Needs improvement in Python.,Python,Beginner,Introduction to Systems Engineering
STU_0061,Student is interested in Computer Vision. Completed course on Data Science with score 44%. Current level is Beginner. Needs improvement in Cloud.,Cloud,Beginner,Getting Started with SAS Programming
STU_0062,Student is interested in Computer Vision. Completed course on Data Science with score 93%. Current level is Advanced. Needs improvement in Cybersecurity.,Cybersecurity,Advanced,Sequence Models
STU_0063,Student is interested in Computer Vision. Completed course on SQL with score 82%. Current level is Advanced. Needs improvement in Machine Learning.,Machine Learning,Advanced,Finance for NonFinance Professionals
STU_0064,Student is interested in Python. Completed course on Data Science with score 47%. Current level is Beginner. Needs improvement in Computer Vision.,Computer Vision,Beginner,Structuring Machine Learning Projects
STU_0065,Student is interested in SQL. Completed course on Data Science with score 58%. Current level is Advanced. Needs improvement in Computer Vision.,Computer Vision,Advanced,Design Thinking for Innovation
STU_0066,Student is interested in Cloud. Completed course on NLP with score 72%. Current level is Intermediate. Needs improvement in Computer Vision.,Computer Vision,Intermediate,Engineering Project Management Initiating and Planning
STU_0067,Student is interested in Machine Learning. Completed course on Python with score 93%. Current level is Intermediate. Needs improvement in Web Development.,Web Development,Intermediate,Anatomy
STU_0068,Student is interested in Machine Learning. Completed course on Cloud with score 80%. Current level is Intermediate. Needs improvement in Data Science.,Data Science,Intermediate,Corporate Finance Essentials
STU_0069,Student is interested in Cybersecurity. Completed course on SQL with score 75%. Current level is Beginner. Needs improvement in Web Development.,Web Development,Beginner,Business Model Innovation
STU_0070,Student is interested in Python. Completed course on Data Science with score 42%. Current level is Intermediate. Needs improvement in SQL.,SQL,Intermediate,Medical Cannabis The Health Effects of THC and CBD
STU_0071,Student is interested in SQL. Completed course on Data Science with score 48%. Current level is Beginner. Needs improvement in Web Development.,Web Development,Beginner,Financial Technology Fintech Innovations
STU_0072,Student is interested in Cloud. Completed course on Machine Learning with score 53%. Current level is Advanced. Needs improvement in Cloud.,Cloud,Advanced,Energy Production Distribution  Safety
STU_0073,Student is interested in Python. Completed course on Cloud with score 95%. Current level is Intermediate. Needs improvement in SQL.,SQL,Intermediate,Operating Systems and You Becoming a Power User
STU_0074,Student is interested in Data Science. Completed course on NLP with score 91%. Current level is Beginner. Needs improvement in Data Science.,Data Science,Beginner,Identifying Monitoring and Analyzing Risk and Incident Response and Recovery
STU_0075,Student is interested in Machine Learning. Completed course on Data Science with score 90%. Current level is Intermediate. Needs improvement in Cloud.,Cloud,Intermediate,Think Again I How to Understand Arguments
STU_0076,Student is interested in NLP. Completed course on Computer Vision with score 90%. Current level is Advanced. Needs improvement in Data Science.,Data Science,Advanced,Business English
STU_0077,Student is interested in Web Development. Completed course on Machine Learning with score 54%. Current level is Beginner. Needs improvement in Cybersecurity.,Cybersecurity,Beginner,Understanding Plants  Part I What a Plant Knows
STU_0078,Student is interested in Cybersecurity. Completed course on Cloud with score 92%. Current level is Beginner. Needs improvement in Computer Vision.,Computer Vision,Beginner,Digital Manufacturing  Design Technology
STU_0079,Student is interested in Machine Learning. Completed course on NLP with score 61%. Current level is Intermediate. Needs improvement in Web Development.,Web Development,Intermediate,    JavaScript
STU_0080,Student is interested in Python. Completed course on Computer Vision with score 81%. Current level is Advanced. Needs improvement in Cloud.,Cloud,Advanced,Homeland Security and Cybersecurity
STU_0081,Student is interested in SQL. Completed course on Cloud with score 47%. Current level is Intermediate. Needs improvement in Machine Learning.,Machine Learning,Intermediate,Cybersecurity and Its Ten Domains
STU_0082,Student is interested in Computer Vision. Completed course on Machine Learning with score 78%. Current level is Intermediate. Needs improvement in Python.,Python,Intermediate,Fundamentals of Visualization with Tableau
STU_0083,Student is interested in Cloud. Completed course on Web Development with score 47%. Current level is Intermediate. Needs improvement in SQL.,SQL,Intermediate,Materials Science 10 Things Every Engineer Should Know
STU_0084,Student is interested in NLP. Completed course on Computer Vision with score 85%. Current level is Intermediate. Needs improvement in Machine Learning.,Machine Learning,Intermediate,A Crash Course in Causality  Inferring Causal Effects from Observational Data
STU_0085,Student is interested in SQL. Completed course on SQL with score 63%. Current level is Intermediate. Needs improvement in NLP.,NLP,Intermediate,Astrobiology and the Search for Extraterrestrial Life
STU_0086,Student is interested in Cloud. Completed course on Cloud with score 86%. Current level is Intermediate. Needs improvement in Python.,Python,Intermediate,Introduction to TensorFlow for Artificial Intelligence Machine Learning and Deep Learning
STU_0087,Student is interested in Computer Vision. Completed course on Web Development with score 65%. Current level is Advanced. Needs improvement in Cloud.,Cloud,Advanced,FinTech Law and Policy
STU_0088,Student is interested in SQL. Completed course on Data Science with score 66%. Current level is Advanced. Needs improvement in NLP.,NLP,Advanced,Google Cloud Platform Big Data and Machine Learning Fundamentals
STU_0089,Student is interested in Data Science. Completed course on Computer Vision with score 75%. Current level is Beginner. Needs improvement in Web Development.,Web Development,Beginner,Financial Management
STU_0090,Student is interested in Computer Vision. Completed course on NLP with score 90%. Current level is Advanced. Needs improvement in Web Development.,Web Development,Advanced,Networking and Security Architecture with VMware NSX
STU_0091,Student is interested in Cloud. Completed course on Cybersecurity with score 68%. Current level is Advanced. Needs improvement in Cybersecurity.,Cybersecurity,Advanced,Design and Make Infographics ProjectCentered Course
STU_0092,Student is interested in SQL. Completed course on Cybersecurity with score 82%. Current level is Beginner. Needs improvement in Data Science.,Data Science,Beginner,Excel Skills for Business
STU_0093,Student is interested in SQL. Completed course on Cloud with score 92%. Current level is Beginner. Needs improvement in Python.,Python,Beginner,R Programming
STU_0094,Student is interested in Computer Vision. Completed course on NLP with score 49%. Current level is Beginner. Needs improvement in NLP.,NLP,Beginner,Anatomy Musculoskeletal and Integumentary Systems
STU_0095,Student is interested in NLP. Completed course on Cybersecurity with score 69%. Current level is Intermediate. Needs improvement in Python.,Python,Intermediate,Patient Safety
STU_0096,Student is interested in NLP. Completed course on Web Development with score 65%. Current level is Beginner. Needs improvement in Cybersecurity.,Cybersecurity,Beginner,Computational Thinking for Problem Solving
STU_0097,Student is interested in Machine Learning. Completed course on Python with score 54%. Current level is Beginner. Needs improvement in Web Development.,Web Development,Beginner,Trading Strategies in Emerging Markets
STU_0098,Student is interested in SQL. Completed course on Cybersecurity with score 75%. Current level is Beginner. Needs improvement in Machine Learning.,Machine Learning,Beginner,Writing in the Sciences
STU_0099,Student is interested in Python. Completed course on Cybersecurity with score 91%. Current level is Intermediate. Needs improvement in Data Science.,Data Science,Intermediate,Python and Statistics for Financial Analysis
STU_0100,Student is interested in SQL. Completed course on SQL with score 88%. Current level is Intermediate. Needs improvement in Cloud.,Cloud,Intermediate,Nutricin y obesidad control de sobrepeso
STU_0101,Student is interested in SQL. Completed course on Web Development with score 68%. Current level is Beginner. Needs improvement in SQL.,SQL,Beginner,Success
STU_0102,Student is interested in Cybersecurity. Completed course on Cybersecurity with score 88%. Current level is Beginner. Needs improvement in Computer Vision.,Computer Vision,Beginner,What is Compliance
STU_0103,Student is interested in Computer Vision. Completed course on SQL with score 80%. Current level is Beginner. Needs improvement in Cybersecurity.,Cybersecurity,Beginner,Essential Google Cloud Infrastructure Core Services
STU_0104,Student is interested in Cybersecurity. Completed course on Python with score 55%. Current level is Intermediate. Needs improvement in Computer Vision.,Computer Vision,Intermediate,Fundamentals of Computing
STU_0105,Student is interested in Cloud. Completed course on SQL with score 48%. Current level is Beginner. Needs improvement in Python.,Python,Beginner,Diseo y Creacin de un Emprendimiento Social
STU_0106,Student is interested in Web Development. Completed course on Data Science with score 44%. Current level is Intermediate. Needs improvement in NLP.,NLP,Intermediate,IBM Applied AI
STU_0107,Student is interested in Cloud. Completed course on SQL with score 66%. Current level is Beginner. Needs improvement in Cybersecurity.,Cybersecurity,Beginner,Deep Learning
STU_0108,Student is interested in Web Development. Completed course on Web Development with score 94%. Current level is Advanced. Needs improvement in Machine Learning.,Machine Learning,Advanced,Google Cloud Platform Fundamentals for AWS Professionals
STU_0109,Student is interested in Cybersecurity. Completed course on Machine Learning with score 59%. Current level is Intermediate. Needs improvement in Cloud.,Cloud,Intermediate,xito Profesional
STU_0110,Student is interested in Web Development. Completed course on SQL with score 91%. Current level is Advanced. Needs improvement in SQL.,SQL,Advanced,Devenir entrepreneur du changement
STU_0111,Student is interested in Cybersecurity. Completed course on NLP with score 67%. Current level is Intermediate. Needs improvement in Computer Vision.,Computer Vision,Intermediate,Advanced Machine Learning with TensorFlow on Google Cloud Platform
STU_0112,Student is interested in Web Development. Completed course on Cloud with score 86%. Current level is Beginner. Needs improvement in Web Development.,Web Development,Beginner,What is Compliance
STU_0113,Student is interested in Cybersecurity. Completed course on Data Science with score 41%. Current level is Intermediate. Needs improvement in SQL.,SQL,Intermediate,Modern Art  Ideas
STU_0114,Student is interested in Machine Learning. Completed course on Python with score 48%. Current level is Intermediate. Needs improvement in Web Development.,Web Development,Intermediate,Data Analysis and Interpretation
STU_0115,Student is interested in Machine Learning. Completed course on Computer Vision with score 60%. Current level is Beginner. Needs improvement in Web Development.,Web Development,Beginner,Introduccin a la programacin en Python I Aprendiendo a programar con Python
STU_0116,Student is interested in Cloud. Completed course on Cloud with score 57%. Current level is Intermediate. Needs improvement in Web Development.,Web Development,Intermediate,English Composition I
STU_0117,Student is interested in Python. Completed course on Cybersecurity with score 87%. Current level is Advanced. Needs improvement in Machine Learning.,Machine Learning,Advanced,Antimicrobial resistance  theory and methods
STU_0118,Student is interested in Cloud. Completed course on NLP with score 89%. Current level is Advanced. Needs improvement in Python.,Python,Advanced,An Introduction to American Law
STU_0119,Student is interested in Machine Learning. Completed course on NLP with score 93%. Current level is Beginner. Needs improvement in NLP.,NLP,Beginner,Operations Analytics
STU_0120,Student is interested in Data Science. Completed course on NLP with score 70%. Current level is Advanced. Needs improvement in Data Science.,Data Science,Advanced,Business Strategy
STU_0121,Student is interested in NLP. Completed course on Cybersecurity with score 89%. Current level is Intermediate. Needs improvement in Computer Vision.,Computer Vision,Intermediate,Crash Course on Python
STU_0122,Student is interested in Python. Completed course on Data Science with score 46%. Current level is Advanced. Needs improvement in Computer Vision.,Computer Vision,Advanced,Advanced Business Analytics
STU_0123,Student is interested in Computer Vision. Completed course on Web Development with score 85%. Current level is Beginner. Needs improvement in Web Development.,Web Development,Beginner,Autodesk Certified Professional Revit for Architectural Design Exam Prep
STU_0124,Student is interested in NLP. Completed course on Python with score 94%. Current level is Advanced. Needs improvement in Computer Vision.,Computer Vision,Advanced,Music Business
STU_0125,Student is interested in Python. Completed course on Machine Learning with score 74%. Current level is Intermediate. Needs improvement in Cloud.,Cloud,Intermediate,Psychological First Aid
STU_0126,Student is interested in Cloud. Completed course on Python with score 81%. Current level is Intermediate. Needs improvement in SQL.,SQL,Intermediate,AWS Fundamentals
STU_0127,Student is interested in Web Development. Completed course on Cybersecurity with score 67%. Current level is Intermediate. Needs improvement in Python.,Python,Intermediate,Plant Bioinformatic Methods
STU_0128,Student is interested in Cybersecurity. Completed course on Data Science with score 51%. Current level is Advanced. Needs improvement in Web Development.,Web Development,Advanced,Java Programming and Software Engineering Fundamentals
STU_0129,Student is interested in Computer Vision. Completed course on SQL with score 69%. Current level is Intermediate. Needs improvement in Cybersecurity.,Cybersecurity,Intermediate,User Interface Design
STU_0130,Student is interested in Computer Vision. Completed course on Cloud with score 93%. Current level is Beginner. Needs improvement in NLP.,NLP,Beginner,Essentials of Global Health
STU_0131,Student is interested in Cybersecurity. Completed course on NLP with score 76%. Current level is Advanced. Needs improvement in Cybersecurity.,Cybersecurity,Advanced,Python for Data Science and AI
STU_0132,Student is interested in Web Development. Completed course on Cloud with score 71%. Current level is Intermediate. Needs improvement in Machine Learning.,Machine Learning,Intermediate,Data Analysis and Interpretation
STU_0133,Student is interested in Cybersecurity. Completed course on NLP with score 91%. Current level is Intermediate. Needs improvement in Cloud.,Cloud,Intermediate,Fundamentals of Immunology Innate Immunity and BCell Function
STU_0134,Student is interested in Computer Vision. Completed course on Computer Vision with score 40%. Current level is Advanced. Needs improvement in SQL.,SQL,Advanced,Data Mining
STU_0135,Student is interested in Python. Completed course on NLP with score 71%. Current level is Advanced. Needs improvement in Web Development.,Web Development,Advanced,Systems Thinking In Public Health
STU_0136,Student is interested in NLP. Completed course on Cybersecurity with score 68%. Current level is Beginner. Needs improvement in Cybersecurity.,Cybersecurity,Beginner,Blockchain Revolution
STU_0137,Student is interested in Computer Vision. Completed course on NLP with score 84%. Current level is Beginner. Needs improvement in Web Development.,Web Development,Beginner,Financial Markets and Investment Strategy
STU_0138,Student is interested in Cloud. Completed course on Cybersecurity with score 73%. Current level is Intermediate. Needs improvement in SQL.,SQL,Intermediate,Information Visualization
STU_0139,Student is interested in SQL. Completed course on Cloud with score 84%. Current level is Intermediate. Needs improvement in Cloud.,Cloud,Intermediate,Epigenetic Control of Gene Expression
STU_0140,Student is interested in Computer Vision. Completed course on Computer Vision with score 47%. Current level is Advanced. Needs improvement in NLP.,NLP,Advanced,Data Science Math Skills
STU_0141,Student is interested in Cloud. Completed course on Python with score 88%. Current level is Advanced. Needs improvement in SQL.,SQL,Advanced,Data Analytics for Lean Six Sigma
STU_0142,Student is interested in NLP. Completed course on NLP with score 57%. Current level is Advanced. Needs improvement in Cybersecurity.,Cybersecurity,Advanced,Miracles of Human Language An Introduction to Linguistics
STU_0143,Student is interested in SQL. Completed course on Computer Vision with score 93%. Current level is Beginner. Needs improvement in Python.,Python,Beginner,FinTech Finance Industry Transformation and Regulation
STU_0144,Student is interested in NLP. Completed course on Cloud with score 59%. Current level is Beginner. Needs improvement in Data Science.,Data Science,Beginner,Six Sigma and the Organization Advanced
STU_0145,Student is interested in SQL. Completed course on Data Science with score 42%. Current level is Beginner. Needs improvement in Computer Vision.,Computer Vision,Beginner,Machine Learning for Business Professionals
STU_0146,Student is interested in Computer Vision. Completed course on Data Science with score 46%. Current level is Beginner. Needs improvement in Cybersecurity.,Cybersecurity,Beginner,Mastering Data Analysis in Excel
STU_0147,Student is interested in Computer Vision. Completed course on Cybersecurity with score 68%. Current level is Intermediate. Needs improvement in Cybersecurity.,Cybersecurity,Intermediate,Data Analysis with Python
STU_0148,Student is interested in Machine Learning. Completed course on Computer Vision with score 47%. Current level is Beginner. Needs improvement in Cybersecurity.,Cybersecurity,Beginner,Hotel Management Distribution Revenue and Demand Management
STU_0149,Student is interested in Cybersecurity. Completed course on Python with score 49%. Current level is Beginner. Needs improvement in Machine Learning.,Machine Learning,Beginner,UX Design Fundamentals
STU_0150,Student is interested in Computer Vision. Completed course on Python with score 47%. Current level is Advanced. Needs improvement in NLP.,NLP,Advanced,Teamwork Skills Communicating Effectively in Groups
STU_0151,Student is interested in Web Development. Completed course on NLP with score 64%. Current level is Intermediate. Needs improvement in SQL.,SQL,Intermediate,International Law in Action A Guide to the International Courts and Tribunals in The Hague
STU_0152,Student is interested in Computer Vision. Completed course on Web Development with score 76%. Current level is Advanced. Needs improvement in Computer Vision.,Computer Vision,Advanced,Aprendiendo a aprender Poderosas herramientas mentales con las que podrs dominar temas difciles Learning How to Learn
STU_0153,Student is interested in Python. Completed course on NLP with score 56%. Current level is Advanced. Needs improvement in NLP.,NLP,Advanced,Become a Journalist Report the News
STU_0154,Student is interested in Data Science. Completed course on NLP with score 75%. Current level is Beginner. Needs improvement in Data Science.,Data Science,Beginner,Continuous Delivery  DevOps
STU_0155,Student is interested in Machine Learning. Completed course on Web Development with score 84%. Current level is Advanced. Needs improvement in Cybersecurity.,Cybersecurity,Advanced,Introduction to Cyber Attacks
STU_0156,Student is interested in Computer Vision. Completed course on Machine Learning with score 58%. Current level is Advanced. Needs improvement in NLP.,NLP,Advanced,Everyday Parenting The ABCs of Child Rearing
STU_0157,Student is interested in Cybersecurity. Completed course on Python with score 56%. Current level is Advanced. Needs improvement in NLP.,NLP,Advanced,Miracles of Human Language An Introduction to Linguistics
STU_0158,Student is interested in NLP. Completed course on Web Development with score 74%. Current level is Beginner. Needs improvement in Python.,Python,Beginner,Pricing Strategy Optimization
STU_0159,Student is interested in Data Science. Completed course on Computer Vision with score 44%. Current level is Beginner. Needs improvement in Data Science.,Data Science,Beginner,Cost and Economics in Pricing Strategy
STU_0160,Student is interested in Computer Vision. Completed course on Computer Vision with score 47%. Current level is Intermediate. Needs improvement in Cybersecurity.,Cybersecurity,Intermediate,Russir le Changement
STU_0161,Student is interested in Computer Vision. Completed course on Web Development with score 72%. Current level is Advanced. Needs improvement in Computer Vision.,Computer Vision,Advanced,Introduction to Personal Branding
STU_0162,Student is interested in Cybersecurity. Completed course on Python with score 67%. Current level is Advanced. Needs improvement in Machine Learning.,Machine Learning,Advanced,Foundations of Marketing Analytics
STU_0163,Student is interested in Computer Vision. Completed course on Machine Learning with score 54%. Current level is Advanced. Needs improvement in Python.,Python,Advanced,Web Design for Everybody Basics of Web Development  Coding
STU_0164,Student is interested in Machine Learning. Completed course on Computer Vision with score 88%. Current level is Beginner. Needs improvement in Machine Learning.,Machine Learning,Beginner,Introduction to Cyber Attacks
STU_0165,Student is interested in SQL. Completed course on Cybersecurity with score 51%. Current level is Advanced. Needs improvement in Computer Vision.,Computer Vision,Advanced,Integrative Health and Medicine
STU_0166,Student is interested in Cybersecurity. Completed course on Python with score 62%. Current level is Intermediate. Needs improvement in Cybersecurity.,Cybersecurity,Intermediate,Fundamental Neuroscience for Neuroimaging
STU_0167,Student is interested in Cloud. Completed course on Python with score 61%. Current level is Intermediate. Needs improvement in Data Science.,Data Science,Intermediate,Sales Training for High Performing Teams
STU_0168,Student is interested in Cybersecurity. Completed course on Computer Vision with score 92%. Current level is Advanced. Needs improvement in Web Development.,Web Development,Advanced,Algorithmic Toolbox
STU_0169,Student is interested in Cybersecurity. Completed course on Python with score 56%. Current level is Intermediate. Needs improvement in Cloud.,Cloud,Intermediate,Business Technology Management
STU_0170,Student is interested in Web Development. Completed course on SQL with score 82%. Current level is Advanced. Needs improvement in Machine Learning.,Machine Learning,Advanced,Introduction to CSS3
STU_0171,Student is interested in Web Development. Completed course on Machine Learning with score 73%. Current level is Intermediate. Needs improvement in NLP.,NLP,Intermediate,Optical Engineering
STU_0172,Student is interested in Cybersecurity. Completed course on Cybersecurity with score 53%. Current level is Intermediate. Needs improvement in Machine Learning.,Machine Learning,Intermediate,Machine Learning
STU_0173,Student is interested in Data Science. Completed course on Computer Vision with score 84%. Current level is Intermediate. Needs improvement in Cybersecurity.,Cybersecurity,Intermediate,COVID19 Contact Tracing
STU_0174,Student is interested in Machine Learning. Completed course on NLP with score 59%. Current level is Advanced. Needs improvement in Data Science.,Data Science,Advanced,AWS Fundamentals Building Serverless Applications
STU_0175,Student is interested in SQL. Completed course on Web Development with score 54%. Current level is Beginner. Needs improvement in Python.,Python,Beginner,Introduction to Business Analytics Communicating with Data
STU_0176,Student is interested in Python. Completed course on Data Science with score 85%. Current level is Intermediate. Needs improvement in Cybersecurity.,Cybersecurity,Intermediate,Introduction to Trading Machine Learning  GCP
STU_0177,Student is interested in Computer Vision. Completed course on Web Development with score 70%. Current level is Beginner. Needs improvement in Cybersecurity.,Cybersecurity,Beginner,Introduction to Ableton Live
STU_0178,Student is interested in SQL. Completed course on Data Science with score 52%. Current level is Advanced. Needs improvement in Web Development.,Web Development,Advanced,Introduction to Thermodynamics Transferring Energy from Here to There
STU_0179,Student is interested in Data Science. Completed course on Python with score 89%. Current level is Intermediate. Needs improvement in Computer Vision.,Computer Vision,Intermediate,Fundamentals of Immunology Innate Immunity and BCell Function
STU_0180,Student is interested in SQL. Completed course on Computer Vision with score 58%. Current level is Advanced. Needs improvement in Machine Learning.,Machine Learning,Advanced,Finance  Quantitative Modeling for Analysts
STU_0181,Student is interested in Cybersecurity. Completed course on Data Science with score 74%. Current level is Intermediate. Needs improvement in Cybersecurity.,Cybersecurity,Intermediate,Fundamentals of Visualization with Tableau
STU_0182,Student is interested in Cloud. Completed course on SQL with score 64%. Current level is Intermediate. Needs improvement in SQL.,SQL,Intermediate,Foundations of Management
STU_0183,Student is interested in NLP. Completed course on NLP with score 54%. Current level is Intermediate. Needs improvement in Web Development.,Web Development,Intermediate,Analysing Numeric and digital literacies
STU_0184,Student is interested in Cloud. Completed course on Cybersecurity with score 64%. Current level is Advanced. Needs improvement in Web Development.,Web Development,Advanced,The Science of Training Young Athletes
STU_0185,Student is interested in Data Science. Completed course on Cybersecurity with score 48%. Current level is Advanced. Needs improvement in Machine Learning.,Machine Learning,Advanced,Model Thinking
STU_0186,Student is interested in Cloud. Completed course on Python with score 46%. Current level is Advanced. Needs improvement in Cybersecurity.,Cybersecurity,Advanced,Introduction to Ableton Live
STU_0187,Student is interested in Machine Learning. Completed course on Data Science with score 95%. Current level is Advanced. Needs improvement in Web Development.,Web Development,Advanced,Contabilidad para no contadores
STU_0188,Student is interested in Python. Completed course on Cybersecurity with score 61%. Current level is Advanced. Needs improvement in Computer Vision.,Computer Vision,Advanced,Sales OperationsManagement
STU_0189,Student is interested in Web Development. Completed course on Python with score 94%. Current level is Advanced. Needs improvement in Cloud.,Cloud,Advanced, Digital 
STU_0190,Student is interested in SQL. Completed course on Web Development with score 80%. Current level is Advanced. Needs improvement in Cloud.,Cloud,Advanced,TESOL Certificate Part 1 Teach English Now
STU_0191,Student is interested in Cybersecurity. Completed course on SQL with score 79%. Current level is Beginner. Needs improvement in Machine Learning.,Machine Learning,Beginner,Drug Commercialization
STU_0192,Student is interested in Computer Vision. Completed course on NLP with score 67%. Current level is Beginner. Needs improvement in Python.,Python,Beginner,TESOL Certificate Part 2 Teach English Now
STU_0193,Student is interested in Python. Completed course on Cybersecurity with score 84%. Current level is Intermediate. Needs improvement in Data Science.,Data Science,Intermediate,Advanced Machine Learning with TensorFlow on Google Cloud Platform
STU_0194,Student is interested in Machine Learning. Completed course on Cloud with score 58%. Current level is Intermediate. Needs improvement in Machine Learning.,Machine Learning,Intermediate,Global Financial Markets and Instruments
STU_0195,Student is interested in Web Development. Completed course on Data Science with score 73%. Current level is Intermediate. Needs improvement in NLP.,NLP,Intermediate,Market Research
STU_0196,Student is interested in Data Science. Completed course on Data Science with score 45%. Current level is Advanced. Needs improvement in Data Science.,Data Science,Advanced,Google IT Support
STU_0197,Student is interested in NLP. Completed course on Cybersecurity with score 54%. Current level is Intermediate. Needs improvement in Data Science.,Data Science,Intermediate,Positive Psychology
STU_0198,Student is interested in Computer Vision. Completed course on Cybersecurity with score 82%. Current level is Beginner. Needs improvement in Computer Vision.,Computer Vision,Beginner,Trading Strategies in Emerging Markets
STU_0199,Student is interested in Cybersecurity. Completed course on Computer Vision with score 50%. Current level is Beginner. Needs improvement in SQL.,SQL,Beginner,International Humanitarian Law in Theory and Practice
STU_0200,Student is interested in Cloud. Completed course on Computer Vision with score 84%. Current level is Intermediate. Needs improvement in Web Development.,Web Development,Intermediate,Introduction to Ableton Live
STU_0201,Student is interested in Computer Vision. Completed course on NLP with score 94%. Current level is Intermediate. Needs improvement in Web Development.,Web Development,Intermediate,Business Analytics
STU_0202,Student is interested in NLP. Completed course on Web Development with score 76%. Current level is Intermediate. Needs improvement in Cloud.,Cloud,Intermediate,Secure Coding Practices
STU_0203,Student is interested in Computer Vision. Completed course on Machine Learning with score 57%. Current level is Beginner. Needs improvement in Web Development.,Web Development,Beginner,Market Research
STU_0204,Student is interested in Machine Learning. Completed course on Cybersecurity with score 89%. Current level is Beginner. Needs improvement in Computer Vision.,Computer Vision,Beginner,Networking and Security Architecture with VMware NSX
STU_0205,Student is interested in Cloud. Completed course on NLP with score 79%. Current level is Intermediate. Needs improvement in NLP.,NLP,Intermediate,Reporting extrafinancier et stratgie RSE
STU_0206,Student is interested in Data Science. Completed course on Python with score 59%. Current level is Intermediate. Needs improvement in Machine Learning.,Machine Learning,Intermediate,Agile Meets Design Thinking
STU_0207,Student is interested in Cloud. Completed course on Data Science with score 58%. Current level is Intermediate. Needs improvement in Python.,Python,Intermediate,Supply Chain Finance and Blockchain Technology
STU_0208,Student is interested in Web Development. Completed course on Data Science with score 48%. Current level is Advanced. Needs improvement in NLP.,NLP,Advanced,Getting Started with AWS Machine Learning
STU_0209,Student is interested in SQL. Completed course on SQL with score 93%. Current level is Beginner. Needs improvement in Computer Vision.,Computer Vision,Beginner,English for Science Technology Engineering and Mathematics
STU_0210,Student is interested in Cybersecurity. Completed course on Computer Vision with score 91%. Current level is Beginner. Needs improvement in Cloud.,Cloud,Beginner,Introduction to Computer Science and Programming
STU_0211,Student is interested in Python. Completed course on Data Science with score 95%. Current level is Advanced. Needs improvement in NLP.,NLP,Advanced,Spacecraft Dynamics and Control
STU_0212,Student is interested in Web Development. Completed course on SQL with score 45%. Current level is Intermediate. Needs improvement in Cloud.,Cloud,Intermediate,AWS Fundamentals Building Serverless Applications
STU_0213,Student is interested in Computer Vision. Completed course on SQL with score 69%. Current level is Intermediate. Needs improvement in Python.,Python,Intermediate,R Programming
STU_0214,Student is interested in Computer Vision. Completed course on Web Development with score 46%. Current level is Advanced. Needs improvement in Cloud.,Cloud,Advanced,Driving business towards the Sustainable Development Goals
STU_0215,Student is interested in Cybersecurity. Completed course on Machine Learning with score 60%. Current level is Advanced. Needs improvement in SQL.,SQL,Advanced,Digital Advertising Strategy
STU_0216,Student is interested in Python. Completed course on Cybersecurity with score 81%. Current level is Intermediate. Needs improvement in Computer Vision.,Computer Vision,Intermediate,Business Transformation with Google Cloud
STU_0217,Student is interested in Data Science. Completed course on Machine Learning with score 59%. Current level is Intermediate. Needs improvement in Machine Learning.,Machine Learning,Intermediate,Business Technology Management
STU_0218,Student is interested in Python. Completed course on NLP with score 48%. Current level is Intermediate. Needs improvement in SQL.,SQL,Intermediate,Introduccin a Data Science Programacin Estadstica con R
STU_0219,Student is interested in Cloud. Completed course on SQL with score 77%. Current level is Advanced. Needs improvement in Web Development.,Web Development,Advanced,Sports Marketing
STU_0220,Student is interested in Data Science. Completed course on Web Development with score 93%. Current level is Intermediate. Needs improvement in Python.,Python,Intermediate,Object Oriented Programming in Java
STU_0221,Student is interested in Web Development. Completed course on Computer Vision with score 84%. Current level is Intermediate. Needs improvement in Machine Learning.,Machine Learning,Intermediate,Developing Applications with Google Cloud Platform 
STU_0222,Student is interested in Cybersecurity. Completed course on Cybersecurity with score 94%. Current level is Intermediate. Needs improvement in NLP.,NLP,Intermediate,Budgeting and Scheduling Projects
STU_0223,Student is interested in Cloud. Completed course on SQL with score 43%. Current level is Intermediate. Needs improvement in Cloud.,Cloud,Intermediate,Essential Google Cloud Infrastructure Foundation
STU_0224,Student is interested in NLP. Completed course on Python with score 45%. Current level is Advanced. Needs improvement in Cybersecurity.,Cybersecurity,Advanced,Design and Interpretation of Clinical Trials
STU_0225,Student is interested in Machine Learning. Completed course on Machine Learning with score 55%. Current level is Beginner. Needs improvement in Cloud.,Cloud,Beginner,The Power of Macroeconomics Economic Principles in the Real World
STU_0226,Student is interested in NLP. Completed course on Python with score 53%. Current level is Advanced. Needs improvement in SQL.,SQL,Advanced,Developing Applications with Google Cloud Platform
STU_0227,Student is interested in NLP. Completed course on Cloud with score 90%. Current level is Advanced. Needs improvement in Data Science.,Data Science,Advanced,A Crash Course in Data Science
STU_0228,Student is interested in Computer Vision. Completed course on Data Science with score 74%. Current level is Intermediate. Needs improvement in Data Science.,Data Science,Intermediate,The Teacher and Social and Emotional Learning SEL
STU_0229,Student is interested in Data Science. Completed course on Python with score 48%. Current level is Beginner. Needs improvement in Machine Learning.,Machine Learning,Beginner,Gender and Sexuality Diversity and Inclusion in the Workplace
STU_0230,Student is interested in NLP. Completed course on Cloud with score 51%. Current level is Intermediate. Needs improvement in Machine Learning.,Machine Learning,Intermediate,Antimicrobial resistance  theory and methods
STU_0231,Student is interested in Data Science. Completed course on Web Development with score 47%. Current level is Advanced. Needs improvement in SQL.,SQL,Advanced,Arizona State University TESOL
STU_0232,Student is interested in Cybersecurity. Completed course on Cybersecurity with score 72%. Current level is Advanced. Needs improvement in Cloud.,Cloud,Advanced,Business English Communication Skills
STU_0233,Student is interested in Cybersecurity. Completed course on SQL with score 79%. Current level is Beginner. Needs improvement in NLP.,NLP,Beginner,Sports Marketing
STU_0234,Student is interested in SQL. Completed course on Computer Vision with score 81%. Current level is Beginner. Needs improvement in Cybersecurity.,Cybersecurity,Beginner,Architecting with Google Cloud Platform 
STU_0235,Student is interested in Cybersecurity. Completed course on Web Development with score 83%. Current level is Beginner. Needs improvement in Web Development.,Web Development,Beginner,Introduction to Marketing
STU_0236,Student is interested in Cybersecurity. Completed course on Python with score 60%. Current level is Advanced. Needs improvement in Python.,Python,Advanced,Computational Thinking for Problem Solving
STU_0237,Student is interested in Python. Completed course on Data Science with score 79%. Current level is Advanced. Needs improvement in Computer Vision.,Computer Vision,Advanced,Methods and Statistics in Social Sciences
STU_0238,Student is interested in SQL. Completed course on Cloud with score 78%. Current level is Advanced. Needs improvement in Web Development.,Web Development,Advanced,Feminism and Social Justice
STU_0239,Student is interested in Cybersecurity. Completed course on SQL with score 46%. Current level is Advanced. Needs improvement in Web Development.,Web Development,Advanced,Business Strategy
STU_0240,Student is interested in SQL. Completed course on NLP with score 68%. Current level is Beginner. Needs improvement in Web Development.,Web Development,Beginner,Implementacin del Marketing Mix
STU_0241,Student is interested in Cloud. Completed course on Cybersecurity with score 66%. Current level is Advanced. Needs improvement in Web Development.,Web Development,Advanced,Blockchain Foundations and Use Cases
STU_0242,Student is interested in Cloud. Completed course on Web Development with score 82%. Current level is Intermediate. Needs improvement in Cloud.,Cloud,Intermediate,Global Financial Markets and Instruments
STU_0243,Student is interested in Data Science. Completed course on Cybersecurity with score 45%. Current level is Beginner. Needs improvement in Python.,Python,Beginner,Blockchain Revolution
STU_0244,Student is interested in Web Development. Completed course on Python with score 91%. Current level is Beginner. Needs improvement in Cloud.,Cloud,Beginner,Machine Learning with TensorFlow on Google Cloud Platform
STU_0245,Student is interested in Machine Learning. Completed course on SQL with score 61%. Current level is Advanced. Needs improvement in SQL.,SQL,Advanced,COVID19 What You Need to Know CME Eligible
STU_0246,Student is interested in Web Development. Completed course on Cloud with score 95%. Current level is Advanced. Needs improvement in Web Development.,Web Development,Advanced,Anticorrupcin Introduccin a conceptos y perspectiva prctica
STU_0247,Student is interested in Computer Vision. Completed course on Computer Vision with score 46%. Current level is Advanced. Needs improvement in Cloud.,Cloud,Advanced,Introduction to TensorFlow for Artificial Intelligence Machine Learning and Deep Learning
STU_0248,Student is interested in NLP. Completed course on Data Science with score 54%. Current level is Beginner. Needs improvement in Cybersecurity.,Cybersecurity,Beginner,Fundamentos de la escritura
STU_0249,Student is interested in SQL. Completed course on Cloud with score 88%. Current level is Intermediate. Needs improvement in Python.,Python,Intermediate,Mastering Data Analysis in Excel
STU_0250,Student is interested in NLP. Completed course on Web Development with score 89%. Current level is Advanced. Needs improvement in SQL.,SQL,Advanced,Nutrition and Lifestyle in Pregnancy
STU_0251,Student is interested in SQL. Completed course on Machine Learning with score 41%. Current level is Beginner. Needs improvement in Computer Vision.,Computer Vision,Beginner,Esports
STU_0252,Student is interested in Computer Vision. Completed course on Cloud with score 40%. Current level is Beginner. Needs improvement in Cloud.,Cloud,Beginner,Communication Strategies for a Virtual Age
STU_0253,Student is interested in Web Development. Completed course on Python with score 87%. Current level is Advanced. Needs improvement in Data Science.,Data Science,Advanced,Advertising and Society
STU_0254,Student is interested in Python. Completed course on SQL with score 64%. Current level is Intermediate. Needs improvement in NLP.,NLP,Intermediate,Introduccin a Data Science Programacin Estadstica con R
STU_0255,Student is interested in Cloud. Completed course on Data Science with score 59%. Current level is Advanced. Needs improvement in Cloud.,Cloud,Advanced,Foundations of Public Health Practice
STU_0256,Student is interested in Python. Completed course on Machine Learning with score 50%. Current level is Advanced. Needs improvement in Data Science.,Data Science,Advanced,Animal Behaviour and Welfare
STU_0257,Student is interested in Python. Completed course on Computer Vision with score 82%. Current level is Intermediate. Needs improvement in Cybersecurity.,Cybersecurity,Intermediate,Introduction to Genomic Technologies
STU_0258,Student is interested in Cybersecurity. Completed course on Web Development with score 53%. Current level is Advanced. Needs improvement in Computer Vision.,Computer Vision,Advanced,Business Strategies for A Better World
STU_0259,Student is interested in Cloud. Completed course on Web Development with score 58%. Current level is Advanced. Needs improvement in Python.,Python,Advanced,Reporting extrafinancier et stratgie RSE
STU_0260,Student is interested in Cybersecurity. Completed course on SQL with score 42%. Current level is Beginner. Needs improvement in Computer Vision.,Computer Vision,Beginner,Health Information Literacy for Data Analytics
STU_0261,Student is interested in Machine Learning. Completed course on Machine Learning with score 59%. Current level is Beginner. Needs improvement in NLP.,NLP,Beginner,TensorFlow Data and Deployment
STU_0262,Student is interested in Data Science. Completed course on Computer Vision with score 60%. Current level is Beginner. Needs improvement in Computer Vision.,Computer Vision,Beginner,AI For Medical Treatment
STU_0263,Student is interested in Cybersecurity. Completed course on Web Development with score 48%. Current level is Intermediate. Needs improvement in Data Science.,Data Science,Intermediate,Leading Human Resource Management and Leadership
STU_0264,Student is interested in NLP. Completed course on SQL with score 93%. Current level is Advanced. Needs improvement in SQL.,SQL,Advanced,Tricky American English Pronunciation
STU_0265,Student is interested in Cloud. Completed course on Python with score 95%. Current level is Advanced. Needs improvement in Web Development.,Web Development,Advanced,An Introduction to Programming the Internet of Things IOT
STU_0266,Student is interested in Web Development. Completed course on Machine Learning with score 44%. Current level is Intermediate. Needs improvement in Cybersecurity.,Cybersecurity,Intermediate,Mastering Software Development in R
STU_0267,Student is interested in Web Development. Completed course on Web Development with score 58%. Current level is Beginner. Needs improvement in Web Development.,Web Development,Beginner,Human Resource Management HR for People Managers
STU_0268,Student is interested in Machine Learning. Completed course on Cloud with score 91%. Current level is Advanced. Needs improvement in Data Science.,Data Science,Advanced,Introduction to Breast Cancer
STU_0269,Student is interested in Cloud. Completed course on Python with score 94%. Current level is Beginner. Needs improvement in Web Development.,Web Development,Beginner,Egiptologa Egyptology
STU_0270,Student is interested in Web Development. Completed course on Web Development with score 45%. Current level is Intermediate. Needs improvement in SQL.,SQL,Intermediate,Finanzas corporativas
STU_0271,Student is interested in Cloud. Completed course on NLP with score 89%. Current level is Beginner. Needs improvement in Cloud.,Cloud,Beginner,BIM Fundamentals for Engineers
STU_0272,Student is interested in SQL. Completed course on Python with score 72%. Current level is Beginner. Needs improvement in SQL.,SQL,Beginner,The Changing Global Order
STU_0273,Student is interested in Cloud. Completed course on Cloud with score 55%. Current level is Beginner. Needs improvement in Data Science.,Data Science,Beginner,Competitive Strategy and Organization Design
STU_0274,Student is interested in Computer Vision. Completed course on NLP with score 78%. Current level is Beginner. Needs improvement in Data Science.,Data Science,Beginner,TESOL Certificate Part 2 Teach English Now
STU_0275,Student is interested in Python. Completed course on Data Science with score 69%. Current level is Advanced. Needs improvement in Cybersecurity.,Cybersecurity,Advanced,TESOL Certificate Part 2 Teach English Now
STU_0276,Student is interested in Cybersecurity. Completed course on Cloud with score 49%. Current level is Intermediate. Needs improvement in Cloud.,Cloud,Intermediate,Arts and Heritage Management
STU_0277,Student is interested in Cybersecurity. Completed course on Cybersecurity with score 90%. Current level is Intermediate. Needs improvement in Computer Vision.,Computer Vision,Intermediate,Modeling Risk and Realities
STU_0278,Student is interested in Machine Learning. Completed course on Cloud with score 44%. Current level is Intermediate. Needs improvement in SQL.,SQL,Intermediate,Introduction to Business Analytics Communicating with Data
STU_0279,Student is interested in Cybersecurity. Completed course on Machine Learning with score 63%. Current level is Intermediate. Needs improvement in Machine Learning.,Machine Learning,Intermediate,BIM Fundamentals for Engineers
STU_0280,Student is interested in Python. Completed course on SQL with score 69%. Current level is Advanced. Needs improvement in Web Development.,Web Development,Advanced,Machine Learning for Trading
STU_0281,Student is interested in Machine Learning. Completed course on Cybersecurity with score 60%. Current level is Advanced. Needs improvement in NLP.,NLP,Advanced,Introduction to Dental Medicine
STU_0282,Student is interested in SQL. Completed course on Data Science with score 68%. Current level is Beginner. Needs improvement in Machine Learning.,Machine Learning,Beginner,UX Design Fundamentals
STU_0283,Student is interested in Cloud. Completed course on Python with score 81%. Current level is Beginner. Needs improvement in SQL.,SQL,Beginner,American Contract Law I
STU_0284,Student is interested in NLP. Completed course on Cybersecurity with score 73%. Current level is Advanced. Needs improvement in Cybersecurity.,Cybersecurity,Advanced,Neurolinguistics
STU_0285,Student is interested in Data Science. Completed course on Cloud with score 58%. Current level is Intermediate. Needs improvement in Cloud.,Cloud,Intermediate,IBM Customer Engagement Specialist Professional Certificate
STU_0286,Student is interested in Cloud. Completed course on Machine Learning with score 44%. Current level is Intermediate. Needs improvement in Cloud.,Cloud,Intermediate,Blockchain Revolution in Financial Services
STU_0287,Student is interested in SQL. Completed course on Web Development with score 56%. Current level is Advanced. Needs improvement in Computer Vision.,Computer Vision,Advanced,tudier en France French Intermediate course B1B2
STU_0288,Student is interested in Data Science. Completed course on Cloud with score 77%. Current level is Advanced. Needs improvement in Python.,Python,Advanced,Code Yourself An Introduction to Programming
STU_0289,Student is interested in Cloud. Completed course on Computer Vision with score 48%. Current level is Advanced. Needs improvement in Web Development.,Web Development,Advanced,Six Sigma and the Organization Advanced
STU_0290,Student is interested in Python. Completed course on Computer Vision with score 64%. Current level is Advanced. Needs improvement in SQL.,SQL,Advanced,The Science of Success What Researchers Know that You Should Know
STU_0291,Student is interested in Cloud. Completed course on Data Science with score 45%. Current level is Advanced. Needs improvement in SQL.,SQL,Advanced,Quantitative Methods
STU_0292,Student is interested in Web Development. Completed course on SQL with score 41%. Current level is Intermediate. Needs improvement in Cloud.,Cloud,Intermediate,Financing and Investing in Infrastructure
STU_0293,Student is interested in Data Science. Completed course on NLP with score 89%. Current level is Intermediate. Needs improvement in Cloud.,Cloud,Intermediate,Data Science
STU_0294,Student is interested in NLP. Completed course on Data Science with score 44%. Current level is Intermediate. Needs improvement in Data Science.,Data Science,Intermediate,Wonders of Ancient Egypt
STU_0295,Student is interested in Python. Completed course on SQL with score 93%. Current level is Advanced. Needs improvement in SQL.,SQL,Advanced,Limpact investing la finance qui change le monde
STU_0296,Student is interested in Machine Learning. Completed course on Cloud with score 78%. Current level is Intermediate. Needs improvement in Data Science.,Data Science,Intermediate,Construction Scheduling
STU_0297,Student is interested in Data Science. Completed course on Data Science with score 86%. Current level is Intermediate. Needs improvement in Data Science.,Data Science,Intermediate,Analysing Numeric and digital literacies
STU_0298,Student is interested in Web Development. Completed course on Cloud with score 68%. Current level is Advanced. Needs improvement in NLP.,NLP,Advanced,Excel Skills for Business Advanced
STU_0299,Student is interested in Cybersecurity. Completed course on NLP with score 55%. Current level is Intermediate. Needs improvement in SQL.,SQL,Intermediate,UCI Project Management
STU_0300,Student is interested in Cybersecurity. Completed course on NLP with score 83%. Current level is Advanced. Needs improvement in Cloud.,Cloud,Advanced,International Cyber Conflicts
STU_0301,Student is interested in Cybersecurity. Completed course on Computer Vision with score 72%. Current level is Advanced. Needs improvement in Web Development.,Web Development,Advanced,In the Studio Postwar Abstract Painting
STU_0302,Student is interested in Data Science. Completed course on NLP with score 95%. Current level is Intermediate. Needs improvement in Data Science.,Data Science,Intermediate,Antimicrobial resistance  theory and methods
STU_0303,Student is interested in Cybersecurity. Completed course on Cloud with score 46%. Current level is Advanced. Needs improvement in SQL.,SQL,Advanced,Write Professional Emails in English
STU_0304,Student is interested in SQL. Completed course on Python with score 45%. Current level is Beginner. Needs improvement in Computer Vision.,Computer Vision,Beginner,Esports
STU_0305,Student is interested in Cybersecurity. Completed course on SQL with score 93%. Current level is Intermediate. Needs improvement in Data Science.,Data Science,Intermediate,Blended Language Learning Design and Practice for Teachers
STU_0306,Student is interested in NLP. Completed course on Cybersecurity with score 41%. Current level is Intermediate. Needs improvement in Cloud.,Cloud,Intermediate,Applied Data Science
STU_0307,Student is interested in Web Development. Completed course on SQL with score 55%. Current level is Intermediate. Needs improvement in Cloud.,Cloud,Intermediate,Become a Journalist Report the News
STU_0308,Student is interested in Cloud. Completed course on NLP with score 60%. Current level is Beginner. Needs improvement in Machine Learning.,Machine Learning,Beginner,What future for education
STU_0309,Student is interested in Cloud. Completed course on Data Science with score 42%. Current level is Intermediate. Needs improvement in Data Science.,Data Science,Intermediate,Value Chain Management
STU_0310,Student is interested in Cybersecurity. Completed course on Data Science with score 68%. Current level is Advanced. Needs improvement in Cybersecurity.,Cybersecurity,Advanced,ADHD Everyday Strategies for Elementary Students
STU_0311,Student is interested in Python. Completed course on Machine Learning with score 53%. Current level is Beginner. Needs improvement in Computer Vision.,Computer Vision,Beginner,Love as a Force for Social Justice
STU_0312,Student is interested in SQL. Completed course on Web Development with score 89%. Current level is Intermediate. Needs improvement in Python.,Python,Intermediate,EMT Foundations
STU_0313,Student is interested in Computer Vision. Completed course on Python with score 55%. Current level is Intermediate. Needs improvement in Machine Learning.,Machine Learning,Intermediate,Positive Psychology Applications and Interventions
STU_0314,Student is interested in Cybersecurity. Completed course on Python with score 93%. Current level is Intermediate. Needs improvement in Python.,Python,Intermediate,More Introduction to Financial Accounting
STU_0315,Student is interested in SQL. Completed course on Machine Learning with score 76%. Current level is Beginner. Needs improvement in SQL.,SQL,Beginner,Software Development Lifecycle
STU_0316,Student is interested in Data Science. Completed course on Computer Vision with score 40%. Current level is Advanced. Needs improvement in Web Development.,Web Development,Advanced,G Suite Administration
STU_0317,Student is interested in NLP. Completed course on Web Development with score 82%. Current level is Advanced. Needs improvement in Data Science.,Data Science,Advanced,Behavioral Finance
STU_0318,Student is interested in SQL. Completed course on Cloud with score 73%. Current level is Advanced. Needs improvement in Python.,Python,Advanced,Introduction to TensorFlow for Artificial Intelligence Machine Learning and Deep Learning
STU_0319,Student is interested in SQL. Completed course on SQL with score 64%. Current level is Intermediate. Needs improvement in Machine Learning.,Machine Learning,Intermediate,Analysing Numeric and digital literacies
STU_0320,Student is interested in Web Development. Completed course on Cloud with score 87%. Current level is Beginner. Needs improvement in Computer Vision.,Computer Vision,Beginner,Gamification
STU_0321,Student is interested in Python. Completed course on Cloud with score 86%. Current level is Advanced. Needs improvement in NLP.,NLP,Advanced,Particle Physics an Introduction
STU_0322,Student is interested in Python. Completed course on Cloud with score 42%. Current level is Intermediate. Needs improvement in Data Science.,Data Science,Intermediate,Liderazgo efectivo para el siglo XXI
STU_0323,Student is interested in Cloud. Completed course on Data Science with score 84%. Current level is Intermediate. Needs improvement in Cybersecurity.,Cybersecurity,Intermediate,People Analytics
STU_0324,Student is interested in Data Science. Completed course on Data Science with score 85%. Current level is Intermediate. Needs improvement in Python.,Python,Intermediate,Algorithmic Toolbox
STU_0325,Student is interested in Computer Vision. Completed course on NLP with score 90%. Current level is Beginner. Needs improvement in Machine Learning.,Machine Learning,Beginner,An Introduction to Consumer Neuroscience  Neuromarketing
STU_0326,Student is interested in Cloud. Completed course on Computer Vision with score 65%. Current level is Advanced. Needs improvement in SQL.,SQL,Advanced,Introduction to Data Analysis Using Excel
STU_0327,Student is interested in Computer Vision. Completed course on Machine Learning with score 58%. Current level is Intermediate. Needs improvement in NLP.,NLP,Intermediate,  Python
STU_0328,Student is interested in Machine Learning. Completed course on Cloud with score 47%. Current level is Intermediate. Needs improvement in Computer Vision.,Computer Vision,Intermediate,Intellectual Property Law
STU_0329,Student is interested in Web Development. Completed course on Cybersecurity with score 61%. Current level is Beginner. Needs improvement in Web Development.,Web Development,Beginner,Introduction to Probability and Data
STU_0330,Student is interested in Cybersecurity. Completed course on Cloud with score 57%. Current level is Beginner. Needs improvement in SQL.,SQL,Beginner,Sports Marketing
STU_0331,Student is interested in Web Development. Completed course on Python with score 78%. Current level is Beginner. Needs improvement in Web Development.,Web Development,Beginner,Les Fondamentaux de la Ngociation
STU_0332,Student is interested in Computer Vision. Completed course on Cloud with score 45%. Current level is Intermediate. Needs improvement in Python.,Python,Intermediate,Project Management Principles and Practices
STU_0333,Student is interested in Computer Vision. Completed course on Computer Vision with score 78%. Current level is Advanced. Needs improvement in Cybersecurity.,Cybersecurity,Advanced,Information Systems
STU_0334,Student is interested in Data Science. Completed course on Cybersecurity with score 68%. Current level is Beginner. Needs improvement in Cloud.,Cloud,Beginner,Sports Marketing
STU_0335,Student is interested in Cloud. Completed course on Web Development with score 80%. Current level is Beginner. Needs improvement in Computer Vision.,Computer Vision,Beginner,Autodesk Certified Professional AutoCAD for Design and Drafting Exam Prep
STU_0336,Student is interested in Web Development. Completed course on Cloud with score 91%. Current level is Advanced. Needs improvement in SQL.,SQL,Advanced,Requirements Engineering Secure Software  Specifications
STU_0337,Student is interested in Data Science. Completed course on Machine Learning with score 94%. Current level is Advanced. Needs improvement in Data Science.,Data Science,Advanced,Reporting extrafinancier et stratgie RSE
STU_0338,Student is interested in Cybersecurity. Completed course on Machine Learning with score 44%. Current level is Beginner. Needs improvement in Data Science.,Data Science,Beginner,The Data Scientists Toolbox
STU_0339,Student is interested in Cloud. Completed course on Cloud with score 76%. Current level is Beginner. Needs improvement in Web Development.,Web Development,Beginner,Negociacin exitosa Estrategias y habilidades esenciales en espaol
STU_0340,Student is interested in Data Science. Completed course on Cybersecurity with score 63%. Current level is Intermediate. Needs improvement in Cloud.,Cloud,Intermediate,Teaching Character and Creating Positive Classrooms
STU_0341,Student is interested in Python. Completed course on Data Science with score 63%. Current level is Intermediate. Needs improvement in SQL.,SQL,Intermediate,First Step Korean
STU_0342,Student is interested in Computer Vision. Completed course on NLP with score 41%. Current level is Advanced. Needs improvement in Python.,Python,Advanced,Data Collection and Processing with Python
STU_0343,Student is interested in Cybersecurity. Completed course on SQL with score 75%. Current level is Beginner. Needs improvement in Web Development.,Web Development,Beginner,Entrepreneurship 2 Launching your StartUp
STU_0344,Student is interested in Computer Vision. Completed course on Cybersecurity with score 79%. Current level is Intermediate. Needs improvement in NLP.,NLP,Intermediate,Sales Training for High Performing Teams
STU_0345,Student is interested in Cybersecurity. Completed course on NLP with score 48%. Current level is Beginner. Needs improvement in Python.,Python,Beginner,Internet Giants The Law and Economics of Media Platforms
STU_0346,Student is interested in Data Science. Completed course on Cybersecurity with score 91%. Current level is Advanced. Needs improvement in Python.,Python,Advanced,Write A Feature Length Screenplay For Film Or Television
STU_0347,Student is interested in Cloud. Completed course on Cloud with score 75%. Current level is Advanced. Needs improvement in Python.,Python,Advanced,ExcelVBA for Creative Problem Solving Part 1
STU_0348,Student is interested in Computer Vision. Completed course on Data Science with score 90%. Current level is Intermediate. Needs improvement in Data Science.,Data Science,Intermediate,Introduction to Thermodynamics Transferring Energy from Here to There
STU_0349,Student is interested in NLP. Completed course on Python with score 90%. Current level is Beginner. Needs improvement in NLP.,NLP,Beginner,Dynamic Public Speaking
STU_0350,Student is interested in Cybersecurity. Completed course on Machine Learning with score 75%. Current level is Advanced. Needs improvement in Cloud.,Cloud,Advanced,Getting Started with Google Sheets
STU_0351,Student is interested in Cybersecurity. Completed course on SQL with score 79%. Current level is Beginner. Needs improvement in Data Science.,Data Science,Beginner,Art  Ideas Teaching with Themes
STU_0352,Student is interested in Computer Vision. Completed course on Web Development with score 73%. Current level is Intermediate. Needs improvement in Cybersecurity.,Cybersecurity,Intermediate,The Addicted Brain
STU_0353,Student is interested in Web Development. Completed course on Python with score 60%. Current level is Advanced. Needs improvement in Data Science.,Data Science,Advanced,Autodesk CADCAMCAE for Mechanical Engineering
STU_0354,Student is interested in Cybersecurity. Completed course on Cybersecurity with score 62%. Current level is Beginner. Needs improvement in SQL.,SQL,Beginner,Using Python to Interact with the Operating System
STU_0355,Student is interested in SQL. Completed course on Data Science with score 67%. Current level is Advanced. Needs improvement in Data Science.,Data Science,Advanced,Applied Data Science with Python
STU_0356,Student is interested in Python. Completed course on SQL with score 59%. Current level is Beginner. Needs improvement in Data Science.,Data Science,Beginner,Corporate Finance Essentials
STU_0357,Student is interested in Cloud. Completed course on NLP with score 73%. Current level is Intermediate. Needs improvement in Cloud.,Cloud,Intermediate,Write Professional Emails in English
STU_0358,Student is interested in Python. Completed course on Computer Vision with score 80%. Current level is Advanced. Needs improvement in NLP.,NLP,Advanced,Essential Google Cloud Infrastructure Core Services
STU_0359,Student is interested in Data Science. Completed course on Computer Vision with score 45%. Current level is Advanced. Needs improvement in SQL.,SQL,Advanced,Positive Psychology Resilience Skills
STU_0360,Student is interested in Data Science. Completed course on Data Science with score 82%. Current level is Advanced. Needs improvement in Data Science.,Data Science,Advanced,Software Product Management
STU_0361,Student is interested in Cloud. Completed course on Machine Learning with score 45%. Current level is Beginner. Needs improvement in Machine Learning.,Machine Learning,Beginner,Positive Psychology Resilience Skills
STU_0362,Student is interested in Computer Vision. Completed course on NLP with score 79%. Current level is Advanced. Needs improvement in Web Development.,Web Development,Advanced,Advertising and Society
STU_0363,Student is interested in Cybersecurity. Completed course on SQL with score 81%. Current level is Intermediate. Needs improvement in Computer Vision.,Computer Vision,Intermediate,Introduction to Forensic Science
STU_0364,Student is interested in NLP. Completed course on Web Development with score 69%. Current level is Beginner. Needs improvement in Computer Vision.,Computer Vision,Beginner,Russir le Changement
STU_0365,Student is interested in Machine Learning. Completed course on Data Science with score 66%. Current level is Intermediate. Needs improvement in Cybersecurity.,Cybersecurity,Intermediate,Introduction to Chemistry  Reactions and Ratios
STU_0366,Student is interested in NLP. Completed course on Cloud with score 60%. Current level is Advanced. Needs improvement in Data Science.,Data Science,Advanced,Foundations of Business Strategy
STU_0367,Student is interested in Cloud. Completed course on Web Development with score 88%. Current level is Intermediate. Needs improvement in Data Science.,Data Science,Intermediate,Introductory Human Physiology
STU_0368,Student is interested in SQL. Completed course on Python with score 55%. Current level is Intermediate. Needs improvement in Cloud.,Cloud,Intermediate,COVID19 What You Need to Know CME Eligible
STU_0369,Student is interested in Computer Vision. Completed course on Cybersecurity with score 49%. Current level is Beginner. Needs improvement in NLP.,NLP,Beginner,Antibiotic Stewardship
STU_0370,Student is interested in Computer Vision. Completed course on Web Development with score 55%. Current level is Beginner. Needs improvement in Web Development.,Web Development,Beginner,Understanding Einstein The Special Theory of Relativity
STU_0371,Student is interested in Cloud. Completed course on Cloud with score 88%. Current level is Beginner. Needs improvement in NLP.,NLP,Beginner,Introduction to Programming with MATLAB
STU_0372,Student is interested in SQL. Completed course on Cybersecurity with score 59%. Current level is Intermediate. Needs improvement in Cybersecurity.,Cybersecurity,Intermediate,Achieving Personal and Professional Success
STU_0373,Student is interested in Python. Completed course on Web Development with score 69%. Current level is Beginner. Needs improvement in SQL.,SQL,Beginner,Developing APIs with Google Clouds Apigee API Platform
STU_0374,Student is interested in Cloud. Completed course on Machine Learning with score 58%. Current level is Intermediate. Needs improvement in Machine Learning.,Machine Learning,Intermediate,More Introduction to Financial Accounting
STU_0375,Student is interested in Cybersecurity. Completed course on Computer Vision with score 40%. Current level is Beginner. Needs improvement in SQL.,SQL,Beginner,Inspirational Leadership Leading with Sense
STU_0376,Student is interested in Data Science. Completed course on Computer Vision with score 88%. Current level is Intermediate. Needs improvement in Cloud.,Cloud,Intermediate,Getting Started with AWS Machine Learning
STU_0377,Student is interested in Machine Learning. Completed course on Web Development with score 76%. Current level is Advanced. Needs improvement in Machine Learning.,Machine Learning,Advanced,Data Science Foundations using R
STU_0378,Student is interested in Cloud. Completed course on SQL with score 44%. Current level is Intermediate. Needs improvement in Computer Vision.,Computer Vision,Intermediate,Introduction to Sustainability
STU_0379,Student is interested in Cybersecurity. Completed course on SQL with score 92%. Current level is Advanced. Needs improvement in Computer Vision.,Computer Vision,Advanced,Research Data Management and Sharing
STU_0380,Student is interested in Python. Completed course on Data Science with score 65%. Current level is Intermediate. Needs improvement in Python.,Python,Intermediate,The Singer Songwriter
STU_0381,Student is interested in Cloud. Completed course on SQL with score 88%. Current level is Beginner. Needs improvement in Cloud.,Cloud,Beginner,Data Visualization with Python
STU_0382,Student is interested in SQL. Completed course on Web Development with score 42%. Current level is Beginner. Needs improvement in SQL.,SQL,Beginner,Algorithms for Battery Management Systems
STU_0383,Student is interested in Data Science. Completed course on Cloud with score 73%. Current level is Intermediate. Needs improvement in Cybersecurity.,Cybersecurity,Intermediate,Computer Security and Systems Management
STU_0384,Student is interested in SQL. Completed course on Data Science with score 79%. Current level is Intermediate. Needs improvement in Cloud.,Cloud,Intermediate,Corporate Strategy
STU_0385,Student is interested in Web Development. Completed course on Computer Vision with score 72%. Current level is Advanced. Needs improvement in Cloud.,Cloud,Advanced,Leading Human Resource Management and Leadership
STU_0386,Student is interested in Cybersecurity. Completed course on Computer Vision with score 92%. Current level is Beginner. Needs improvement in Cybersecurity.,Cybersecurity,Beginner,Getting Started with Google Sheets
STU_0387,Student is interested in Cloud. Completed course on Python with score 77%. Current level is Intermediate. Needs improvement in Web Development.,Web Development,Intermediate,The Strategy of Content Marketing
STU_0388,Student is interested in Machine Learning. Completed course on Cybersecurity with score 81%. Current level is Advanced. Needs improvement in Computer Vision.,Computer Vision,Advanced,Mathematics for Data Science
STU_0389,Student is interested in NLP. Completed course on Machine Learning with score 50%. Current level is Advanced. Needs improvement in Cybersecurity.,Cybersecurity,Advanced,Patient Safety
STU_0390,Student is interested in Web Development. Completed course on Data Science with score 42%. Current level is Advanced. Needs improvement in NLP.,NLP,Advanced,Security  Safety Challenges in a Globalized World
STU_0391,Student is interested in Python. Completed course on NLP with score 68%. Current level is Intermediate. Needs improvement in Machine Learning.,Machine Learning,Intermediate,In the Studio Postwar Abstract Painting
STU_0392,Student is interested in Data Science. Completed course on Web Development with score 66%. Current level is Advanced. Needs improvement in NLP.,NLP,Advanced,The Business of Music Production
STU_0393,Student is interested in Cybersecurity. Completed course on Machine Learning with score 73%. Current level is Beginner. Needs improvement in Data Science.,Data Science,Beginner,Managerial Economics and Business Analysis
STU_0394,Student is interested in Cloud. Completed course on Cybersecurity with score 64%. Current level is Intermediate. Needs improvement in SQL.,SQL,Intermediate,Cuidados y procedimientos generales en la atencin del recin nacido
STU_0395,Student is interested in Cybersecurity. Completed course on SQL with score 74%. Current level is Intermediate. Needs improvement in Cloud.,Cloud,Intermediate,Reinforcement Learning
STU_0396,Student is interested in Computer Vision. Completed course on Cybersecurity with score 55%. Current level is Intermediate. Needs improvement in NLP.,NLP,Intermediate,Making Architecture
STU_0397,Student is interested in Computer Vision. Completed course on NLP with score 89%. Current level is Intermediate. Needs improvement in Computer Vision.,Computer Vision,Intermediate,Sexualidadmucho ms que sexo
STU_0398,Student is interested in NLP. Completed course on Cybersecurity with score 70%. Current level is Intermediate. Needs improvement in Cloud.,Cloud,Intermediate,Managerial Accounting Fundamentals
STU_0399,Student is interested in Computer Vision. Completed course on Computer Vision with score 76%. Current level is Advanced. Needs improvement in Python.,Python,Advanced,Learning to Teach Online
STU_0400,Student is interested in Web Development. Completed course on Web Development with score 89%. Current level is Beginner. Needs improvement in Cloud.,Cloud,Beginner,ExcelVBA for Creative Problem Solving Part 1
STU_0401,Student is interested in Machine Learning. Completed course on Computer Vision with score 62%. Current level is Intermediate. Needs improvement in Python.,Python,Intermediate,Programming for Everybody Getting Started with Python
STU_0402,Student is interested in Computer Vision. Completed course on Cybersecurity with score 52%. Current level is Advanced. Needs improvement in NLP.,NLP,Advanced,Epigenetic Control of Gene Expression
STU_0403,Student is interested in SQL. Completed course on Computer Vision with score 46%. Current level is Advanced. Needs improvement in Data Science.,Data Science,Advanced,Strategising Management for Global Competitive Advantage
STU_0404,Student is interested in NLP. Completed course on NLP with score 82%. Current level is Advanced. Needs improvement in Machine Learning.,Machine Learning,Advanced,Digital Product Management
STU_0405,Student is interested in NLP. Completed course on Machine Learning with score 66%. Current level is Intermediate. Needs improvement in Python.,Python,Intermediate,Software Design and Architecture
STU_0406,Student is interested in Cybersecurity. Completed course on Python with score 40%. Current level is Advanced. Needs improvement in Data Science.,Data Science,Advanced,Control of Mobile Robots
STU_0407,Student is interested in Web Development. Completed course on Cybersecurity with score 81%. Current level is Beginner. Needs improvement in Cybersecurity.,Cybersecurity,Beginner,System Administration and IT Infrastructure Services
STU_0408,Student is interested in Computer Vision. Completed course on Cloud with score 81%. Current level is Beginner. Needs improvement in Computer Vision.,Computer Vision,Beginner,The Addicted Brain
STU_0409,Student is interested in Python. Completed course on NLP with score 87%. Current level is Advanced. Needs improvement in SQL.,SQL,Advanced,iOS App Development with Swift
STU_0410,Student is interested in Machine Learning. Completed course on Data Science with score 93%. Current level is Beginner. Needs improvement in Web Development.,Web Development,Beginner,Algorithmic Toolbox
STU_0411,Student is interested in Web Development. Completed course on Cybersecurity with score 87%. Current level is Intermediate. Needs improvement in Data Science.,Data Science,Intermediate,Algorithms
STU_0412,Student is interested in Machine Learning. Completed course on Computer Vision with score 61%. Current level is Intermediate. Needs improvement in Python.,Python,Intermediate,Introduccin a la programacin en Python I Aprendiendo a programar con Python
STU_0413,Student is interested in SQL. Completed course on SQL with score 48%. Current level is Advanced. Needs improvement in Cybersecurity.,Cybersecurity,Advanced,Introduction to Computer Science and Programming
STU_0414,Student is interested in Computer Vision. Completed course on NLP with score 61%. Current level is Beginner. Needs improvement in Python.,Python,Beginner,Statistical Analysis with R for Public Health
STU_0415,Student is interested in Cybersecurity. Completed course on Computer Vision with score 40%. Current level is Advanced. Needs improvement in Data Science.,Data Science,Advanced,Fundamentals of GIS
STU_0416,Student is interested in Computer Vision. Completed course on NLP with score 79%. Current level is Advanced. Needs improvement in Data Science.,Data Science,Advanced,IBM AI Engineering
STU_0417,Student is interested in Web Development. Completed course on SQL with score 45%. Current level is Intermediate. Needs improvement in Cloud.,Cloud,Intermediate,Python for Everybody
STU_0418,Student is interested in Python. Completed course on Data Science with score 70%. Current level is Intermediate. Needs improvement in Data Science.,Data Science,Intermediate,Emerging Technologies From Smartphones to IoT to Big Data
STU_0419,Student is interested in Machine Learning. Completed course on Computer Vision with score 55%. Current level is Intermediate. Needs improvement in Web Development.,Web Development,Intermediate,Survey Data Collection and Analytics
STU_0420,Student is interested in Computer Vision. Completed course on Cloud with score 77%. Current level is Advanced. Needs improvement in Computer Vision.,Computer Vision,Advanced,Marketing in a Digital World
STU_0421,Student is interested in Machine Learning. Completed course on Computer Vision with score 84%. Current level is Beginner. Needs improvement in Cloud.,Cloud,Beginner,Architecting with Google Compute Engine
STU_0422,Student is interested in Python. Completed course on Cybersecurity with score 50%. Current level is Intermediate. Needs improvement in Computer Vision.,Computer Vision,Intermediate,Roman Architecture
STU_0423,Student is interested in SQL. Completed course on Computer Vision with score 80%. Current level is Intermediate. Needs improvement in Python.,Python,Intermediate,Getting Started with Google Kubernetes Engine
STU_0424,Student is interested in NLP. Completed course on NLP with score 70%. Current level is Beginner. Needs improvement in Data Science.,Data Science,Beginner,Introduccin a la programacin en Python I Aprendiendo a programar con Python
STU_0425,Student is interested in Cloud. Completed course on Web Development with score 70%. Current level is Advanced. Needs improvement in SQL.,SQL,Advanced,Think Again I How to Understand Arguments
STU_0426,Student is interested in NLP. Completed course on NLP with score 73%. Current level is Intermediate. Needs improvement in Python.,Python,Intermediate,Leadership Development for Engineers
STU_0427,Student is interested in Cloud. Completed course on Python with score 43%. Current level is Advanced. Needs improvement in Python.,Python,Advanced,Introduction to Systematic Review and MetaAnalysis
STU_0428,Student is interested in NLP. Completed course on SQL with score 50%. Current level is Intermediate. Needs improvement in Data Science.,Data Science,Intermediate,  
STU_0429,Student is interested in SQL. Completed course on Cybersecurity with score 83%. Current level is Beginner. Needs improvement in Python.,Python,Beginner,Software Design and Architecture
STU_0430,Student is interested in Cybersecurity. Completed course on Python with score 68%. Current level is Beginner. Needs improvement in SQL.,SQL,Beginner,Introduccin a Data Science Programacin Estadstica con R
STU_0431,Student is interested in Data Science. Completed course on SQL with score 69%. Current level is Advanced. Needs improvement in Web Development.,Web Development,Advanced,Aprende a programar con Python
STU_0432,Student is interested in SQL. Completed course on Cybersecurity with score 86%. Current level is Beginner. Needs improvement in Computer Vision.,Computer Vision,Beginner,Healthcare Law
STU_0433,Student is interested in Computer Vision. Completed course on Machine Learning with score 77%. Current level is Beginner. Needs improvement in NLP.,NLP,Beginner,Anatomy of the Chest Abdomen and Pelvis
STU_0434,Student is interested in Web Development. Completed course on Cloud with score 74%. Current level is Beginner. Needs improvement in Python.,Python,Beginner,Aspectos bsicos de la planificacin y la gestin de proyectos
STU_0435,Student is interested in Cybersecurity. Completed course on Machine Learning with score 66%. Current level is Beginner. Needs improvement in Computer Vision.,Computer Vision,Beginner,The Addicted Brain
STU_0436,Student is interested in Data Science. Completed course on Web Development with score 64%. Current level is Intermediate. Needs improvement in Cloud.,Cloud,Intermediate,Globalization Economic Growth and Stability
STU_0437,Student is interested in Web Development. Completed course on Python with score 48%. Current level is Advanced. Needs improvement in SQL.,SQL,Advanced,   Python
STU_0438,Student is interested in Cloud. Completed course on Python with score 74%. Current level is Intermediate. Needs improvement in Data Science.,Data Science,Intermediate,Leadership in 21st Century Organizations
STU_0439,Student is interested in Data Science. Completed course on NLP with score 88%. Current level is Beginner. Needs improvement in Machine Learning.,Machine Learning,Beginner,Finance  Quantitative Modeling for Analysts
STU_0440,Student is interested in Cybersecurity. Completed course on SQL with score 74%. Current level is Intermediate. Needs improvement in Web Development.,Web Development,Intermediate,Unraveling the Cycling City
STU_0441,Student is interested in NLP. Completed course on NLP with score 62%. Current level is Beginner. Needs improvement in Cybersecurity.,Cybersecurity,Beginner,Essential Google Cloud Infrastructure Foundation
STU_0442,Student is interested in NLP. Completed course on Python with score 91%. Current level is Advanced. Needs improvement in Machine Learning.,Machine Learning,Advanced,Indigenous Canada
STU_0443,Student is interested in Machine Learning. Completed course on NLP with score 44%. Current level is Beginner. Needs improvement in NLP.,NLP,Beginner,Modern Robotics  Mechanics Planning and Control
STU_0444,Student is interested in Machine Learning. Completed course on Cybersecurity with score 55%. Current level is Advanced. Needs improvement in Machine Learning.,Machine Learning,Advanced,Anatomy
STU_0445,Student is interested in Web Development. Completed course on Cybersecurity with score 74%. Current level is Beginner. Needs improvement in NLP.,NLP,Beginner,Sustainable Tourism  promoting environmental public health
STU_0446,Student is interested in Machine Learning. Completed course on Data Science with score 58%. Current level is Beginner. Needs improvement in SQL.,SQL,Beginner,Understanding Modern Finance
STU_0447,Student is interested in Cloud. Completed course on Cloud with score 59%. Current level is Beginner. Needs improvement in NLP.,NLP,Beginner,Project Management Principles and Practices
STU_0448,Student is interested in SQL. Completed course on NLP with score 59%. Current level is Intermediate. Needs improvement in Web Development.,Web Development,Intermediate,Architecting with Google Cloud Platform 
STU_0449,Student is interested in SQL. Completed course on Data Science with score 75%. Current level is Intermediate. Needs improvement in Web Development.,Web Development,Intermediate,Ancient Philosophy Aristotle and His Successors
STU_0450,Student is interested in Cloud. Completed course on Web Development with score 60%. Current level is Advanced. Needs improvement in SQL.,SQL,Advanced,Improving Deep Neural Networks Hyperparameter tuning Regularization and Optimization
STU_0451,Student is interested in Web Development. Completed course on Data Science with score 64%. Current level is Beginner. Needs improvement in Computer Vision.,Computer Vision,Beginner,Sustainable Tourism  promoting environmental public health
STU_0452,Student is interested in SQL. Completed course on Cybersecurity with score 94%. Current level is Beginner. Needs improvement in NLP.,NLP,Beginner,Finance for NonFinancial Managers
STU_0453,Student is interested in Data Science. Completed course on Cybersecurity with score 75%. Current level is Intermediate. Needs improvement in Machine Learning.,Machine Learning,Intermediate,Improving Deep Neural Networks Hyperparameter tuning Regularization and Optimization
STU_0454,Student is interested in SQL. Completed course on SQL with score 64%. Current level is Beginner. Needs improvement in Data Science.,Data Science,Beginner,English for Journalism
STU_0455,Student is interested in NLP. Completed course on Cloud with score 68%. Current level is Intermediate. Needs improvement in Python.,Python,Intermediate,Blockchain
STU_0456,Student is interested in SQL. Completed course on NLP with score 57%. Current level is Intermediate. Needs improvement in Machine Learning.,Machine Learning,Intermediate,Ready Set Future Introduction to Futures Thinking
STU_0457,Student is interested in Machine Learning. Completed course on Python with score 91%. Current level is Advanced. Needs improvement in NLP.,NLP,Advanced,Spacecraft Dynamics and Control
STU_0458,Student is interested in SQL. Completed course on NLP with score 53%. Current level is Intermediate. Needs improvement in Cybersecurity.,Cybersecurity,Intermediate,Financial Engineering and Risk Management Part I
STU_0459,Student is interested in Machine Learning. Completed course on NLP with score 87%. Current level is Beginner. Needs improvement in NLP.,NLP,Beginner,Supply Chain Analytics
STU_0460,Student is interested in Cybersecurity. Completed course on NLP with score 65%. Current level is Beginner. Needs improvement in NLP.,NLP,Beginner,Machine Learning for All
STU_0461,Student is interested in Cloud. Completed course on Computer Vision with score 69%. Current level is Advanced. Needs improvement in Web Development.,Web Development,Advanced,Primeros Auxilios Psicolgicos PAP
STU_0462,Student is interested in Cloud. Completed course on Computer Vision with score 63%. Current level is Advanced. Needs improvement in Computer Vision.,Computer Vision,Advanced,Introduction to Programming in C
STU_0463,Student is interested in Cybersecurity. Completed course on Python with score 88%. Current level is Intermediate. Needs improvement in Cybersecurity.,Cybersecurity,Intermediate,Databases and SQL for Data Science
STU_0464,Student is interested in Cloud. Completed course on Cloud with score 42%. Current level is Advanced. Needs improvement in Web Development.,Web Development,Advanced, Psycholinguistics
STU_0465,Student is interested in NLP. Completed course on Data Science with score 56%. Current level is Advanced. Needs improvement in Machine Learning.,Machine Learning,Advanced,Memoir and Personal Essay Write About Yourself
STU_0466,Student is interested in Web Development. Completed course on Computer Vision with score 52%. Current level is Intermediate. Needs improvement in Data Science.,Data Science,Intermediate,Diseo Instruccional Aprendizaje activo y Pedagoga digital
STU_0467,Student is interested in Web Development. Completed course on NLP with score 75%. Current level is Advanced. Needs improvement in Cybersecurity.,Cybersecurity,Advanced,Robotics
STU_0468,Student is interested in Cloud. Completed course on Computer Vision with score 86%. Current level is Advanced. Needs improvement in Cybersecurity.,Cybersecurity,Advanced,Strategic Sales Management
STU_0469,Student is interested in Cybersecurity. Completed course on Cybersecurity with score 86%. Current level is Intermediate. Needs improvement in Data Science.,Data Science,Intermediate,Creative Writing
STU_0470,Student is interested in Data Science. Completed course on SQL with score 51%. Current level is Advanced. Needs improvement in Cybersecurity.,Cybersecurity,Advanced,Power Electronics
STU_0471,Student is interested in Machine Learning. Completed course on SQL with score 93%. Current level is Beginner. Needs improvement in Machine Learning.,Machine Learning,Beginner,Understanding Research Methods
STU_0472,Student is interested in Machine Learning. Completed course on Machine Learning with score 48%. Current level is Advanced. Needs improvement in Web Development.,Web Development,Advanced,Diseo y Creacin de un Emprendimiento Social
STU_0473,Student is interested in Python. Completed course on Data Science with score 53%. Current level is Advanced. Needs improvement in Machine Learning.,Machine Learning,Advanced,Introduction aux Droits de lHomme
STU_0474,Student is interested in Cloud. Completed course on Machine Learning with score 82%. Current level is Intermediate. Needs improvement in Cybersecurity.,Cybersecurity,Intermediate,AWS Fundamentals Migrating to the Cloud
STU_0475,Student is interested in Machine Learning. Completed course on SQL with score 66%. Current level is Beginner. Needs improvement in SQL.,SQL,Beginner,Aboriginal Worldviews and Education
STU_0476,Student is interested in SQL. Completed course on Computer Vision with score 58%. Current level is Beginner. Needs improvement in SQL.,SQL,Beginner,Introduction to Spreadsheets and Models
STU_0477,Student is interested in Web Development. Completed course on Data Science with score 46%. Current level is Advanced. Needs improvement in Python.,Python,Advanced,Computer Security and Systems Management
STU_0478,Student is interested in NLP. Completed course on NLP with score 56%. Current level is Intermediate. Needs improvement in SQL.,SQL,Intermediate,Epidemics Pandemics and Outbreaks
STU_0479,Student is interested in Web Development. Completed course on Python with score 65%. Current level is Intermediate. Needs improvement in Cloud.,Cloud,Intermediate,Managing Your Health The Role of Physical Therapy and Exercise
STU_0480,Student is interested in NLP. Completed course on NLP with score 83%. Current level is Beginner. Needs improvement in Computer Vision.,Computer Vision,Beginner,Programming Foundations with JavaScript HTML and CSS
STU_0481,Student is interested in Machine Learning. Completed course on Python with score 64%. Current level is Intermediate. Needs improvement in Web Development.,Web Development,Intermediate,Machine Learning for All
STU_0482,Student is interested in Cybersecurity. Completed course on Machine Learning with score 84%. Current level is Beginner. Needs improvement in Machine Learning.,Machine Learning,Beginner,Become a Sustainable Business Change Agent
STU_0483,Student is interested in Cybersecurity. Completed course on Web Development with score 76%. Current level is Beginner. Needs improvement in Cloud.,Cloud,Beginner,Leadership Development for Engineers
STU_0484,Student is interested in Machine Learning. Completed course on NLP with score 95%. Current level is Advanced. Needs improvement in NLP.,NLP,Advanced,Marketing Digital
STU_0485,Student is interested in Cybersecurity. Completed course on Computer Vision with score 44%. Current level is Advanced. Needs improvement in Machine Learning.,Machine Learning,Advanced,Evaluacin educativa
STU_0486,Student is interested in SQL. Completed course on Machine Learning with score 94%. Current level is Intermediate. Needs improvement in Data Science.,Data Science,Intermediate,AWS Fundamentals Migrating to the Cloud
STU_0487,Student is interested in NLP. Completed course on Data Science with score 44%. Current level is Intermediate. Needs improvement in Web Development.,Web Development,Intermediate,Corporate Strategy
STU_0488,Student is interested in NLP. Completed course on Web Development with score 61%. Current level is Intermediate. Needs improvement in SQL.,SQL,Intermediate,Swift 5 iOS Application Developer
STU_0489,Student is interested in Data Science. Completed course on Python with score 87%. Current level is Intermediate. Needs improvement in SQL.,SQL,Intermediate,Applied Data Science
STU_0490,Student is interested in Python. Completed course on Web Development with score 93%. Current level is Beginner. Needs improvement in NLP.,NLP,Beginner,Fundamentals of Immunology Innate Immunity and BCell Function
STU_0491,Student is interested in Web Development. Completed course on Cloud with score 80%. Current level is Intermediate. Needs improvement in Machine Learning.,Machine Learning,Intermediate,The Modern World Part One Global History from 1760 to 1910
STU_0492,Student is interested in Cybersecurity. Completed course on Cybersecurity with score 62%. Current level is Advanced. Needs improvement in NLP.,NLP,Advanced,Global Financing Solutions  by EDHEC and Socit Gnrale
STU_0493,Student is interested in Web Development. Completed course on Data Science with score 45%. Current level is Advanced. Needs improvement in Web Development.,Web Development,Advanced,FinTech Law and Policy
STU_0494,Student is interested in NLP. Completed course on Python with score 57%. Current level is Beginner. Needs improvement in Python.,Python,Beginner,Google Cloud Platform Fundamentals for AWS Professionals
STU_0495,Student is interested in Data Science. Completed course on Web Development with score 63%. Current level is Beginner. Needs improvement in Cloud.,Cloud,Beginner,Blended Language Learning Design and Practice for Teachers
STU_0496,Student is interested in Machine Learning. Completed course on Computer Vision with score 63%. Current level is Intermediate. Needs improvement in Cybersecurity.,Cybersecurity,Intermediate,Building Batch Data Pipelines on GCP
STU_0497,Student is interested in Data Science. Completed course on Python with score 67%. Current level is Intermediate. Needs improvement in Data Science.,Data Science,Intermediate,Magic in the Middle Ages
STU_0498,Student is interested in SQL. Completed course on SQL with score 46%. Current level is Beginner. Needs improvement in Web Development.,Web Development,Beginner,Biology Meets Programming Bioinformatics for Beginners
STU_0499,Student is interested in Cloud. Completed course on SQL with score 78%. Current level is Advanced. Needs improvement in Python.,Python,Advanced,The Modern World Part Two Global History since 1910
STU_0500,Student is interested in Cloud. Completed course on Web Development with score 58%. Current level is Intermediate. Needs improvement in Machine Learning.,Machine Learning,Intermediate,Gut Check Exploring Your Microbiome
